Sector,Clave_Indicador,Estado_ID,Periodo,Valor
Total,629659,07,2025/01,315573
Total,629659,07,2025/02,426360
Total,629659,07,2025/03,313307
Total,629659,07,2025/04,262910
Total,629659,07,2026/01,333923
Total,629659,01,2025/01,3390925
Total,629659,01,2025/02,3320131
Total,629659,01,2025/03,3584164
Total,629659,01,2025/04,3343962
Total,629659,01,2026/01,3238165
Total,629659,06,2025/01,450816
Total,629659,06,2025/02,478618
Total,629659,06,2025/03,428043
Total,629659,06,2025/04,593104
Total,629659,06,2026/01,667889
Total,629659,03,2025/01,87516
Total,629659,03,2025/02,97660
Total,629659,03,2025/03,107600
Total,629659,03,2025/04,103936
Total,629659,03,2026/01,68338
Total,629659,04,2025/01,2494461
Total,629659,04,2025/02,2092092
Total,629659,04,2025/03,2067210
Total,629659,04,2025/04,1752904
Total,629659,04,2026/01,1618304
Total,629659,02,2025/01,12660856
Total,629659,02,2025/02,13680002
Total,629659,02,2025/03,14177923
Total,629659,02,2025/04,16106858
Total,629659,02,2026/01,12946617
Total,629659,05,2025/01,15233693
Total,629659,05,2025/02,16958424
Total,629659,05,2025/03,17093018
Total,629659,05,2025/04,16219983
Total,629659,05,2026/01,14888994
Total,629659,08,2025/01,21299672
Total,629659,08,2025/02,26177763
Total,629659,08,2025/03,28858390
Total,629659,08,2025/04,33169181
Total,629659,08,2026/01,35986178
Total,629659,13,2025/01,749722
Total,629659,13,2025/02,811441
Total,629659,13,2025/03,741247
Total,629659,13,2025/04,761004
Total,629659,13,2026/01,626113
Total,629659,14,2025/01,8412023
Total,629659,14,2025/02,10219314
Total,629659,14,2025/03,13763725
Total,629659,14,2025/04,20181459
Total,629659,14,2026/01,17377458
Total,629659,12,2025/01,270233
Total,629659,12,2025/02,249741
Total,629659,12,2025/03,116155
Total,629659,12,2025/04,285128
Total,629659,12,2026/01,558853
Total,629659,09,2025/01,791284
Total,629659,09,2025/02,813647
Total,629659,09,2025/03,843907
Total,629659,09,2025/04,874494
Total,629659,09,2026/01,721376
Total,629659,16,2025/01,2025250
Total,629659,16,2025/02,1635052
Total,629659,16,2025/03,1283792
Total,629659,16,2025/04,1558989
Total,629659,16,2026/01,1719963
Total,629659,10,2025/01,699385
Total,629659,10,2025/02,725075
Total,629659,10,2025/03,722638
Total,629659,10,2025/04,799795
Total,629659,10,2026/01,781798
Total,629659,11,2025/01,9129016
Total,629659,11,2025/02,10189307
Total,629659,11,2025/03,9201419
Total,629659,11,2025/04,9468574
Total,629659,11,2026/01,10020588
Total,629659,15,2025/01,5810144
Total,629659,15,2025/02,5310482
Total,629659,15,2025/03,5380649
Total,629659,15,2025/04,4986466
Total,629659,15,2026/01,4737918
Total,629659,20,2025/01,328232
Total,629659,20,2025/02,377736
Total,629659,20,2025/03,313268
Total,629659,20,2025/04,341973
Total,629659,20,2026/01,311756
Total,629659,19,2025/01,13198585
Total,629659,19,2025/02,14769185
Total,629659,19,2025/03,14891592
Total,629659,19,2025/04,16205859
Total,629659,19,2026/01,14537604
Total,629659,17,2025/01,998673
Total,629659,17,2025/02,857269
Total,629659,17,2025/03,882671
Total,629659,17,2025/04,735509
Total,629659,17,2026/01,628981
Total,629659,18,2025/01,70887
Total,629659,18,2025/02,107947
Total,629659,18,2025/03,94660
Total,629659,18,2025/04,81874
Total,629659,18,2026/01,92684
Total,629659,21,2025/01,3325597
Total,629659,21,2025/02,4024622
Total,629659,21,2025/03,5084654
Total,629659,21,2025/04,4592036
Total,629659,21,2026/01,4061535
Total,629659,24,2025/01,6041300
Total,629659,24,2025/02,6424974
Total,629659,24,2025/03,6858781
Total,629659,24,2025/04,6771387
Total,629659,24,2026/01,6268353
Total,629659,22,2025/01,4071033
Total,629659,22,2025/02,4723592
Total,629659,22,2025/03,4575880
Total,629659,22,2025/04,4854276
Total,629659,22,2026/01,4661032
Total,629659,23,2025/01,1661
Total,629659,23,2025/02,7966
Total,629659,23,2025/03,7322
Total,629659,23,2025/04,2563
Total,629659,23,2026/01,14363
Total,629659,27,2025/01,1689590
Total,629659,27,2025/02,1470639
Total,629659,27,2025/03,1577337
Total,629659,27,2025/04,1364163
Total,629659,27,2026/01,1205344
Total,629659,25,2025/01,1215453
Total,629659,25,2025/02,824282
Total,629659,25,2025/03,567616
Total,629659,25,2025/04,622083
Total,629659,25,2026/01,1128830
Total,629659,26,2025/01,6946243
Total,629659,26,2025/02,7594427
Total,629659,26,2025/03,6669931
Total,629659,26,2025/04,7400999
Total,629659,26,2026/01,6648948
Total,629659,32,2025/01,1070638
Total,629659,32,2025/02,1332593
Total,629659,32,2025/03,1180921
Total,629659,32,2025/04,1347872
Total,629659,32,2026/01,1674776
Total,629659,29,2025/01,478234
Total,629659,29,2025/02,535505
Total,629659,29,2025/03,484854
Total,629659,29,2025/04,509144
Total,629659,29,2026/01,481405
Total,629659,28,2025/01,8383230
Total,629659,28,2025/02,9632414
Total,629659,28,2025/03,9348602
Total,629659,28,2025/04,8932343
Total,629659,28,2026/01,7699713
Total,629659,30,2025/01,1889757
Total,629659,30,2025/02,1842788
Total,629659,30,2025/03,1706750
Total,629659,30,2025/04,1459597
Total,629659,30,2026/01,1785643
Total,629659,31,2025/01,557894
Total,629659,31,2025/02,607121
Total,629659,31,2025/03,654224
Total,629659,31,2025/04,742695
Total,629659,31,2026/01,624071
Agricultura,696790,05,2025/01,15074
Agricultura,696790,05,2025/02,32372
Agricultura,696790,05,2025/03,34979
Agricultura,696790,05,2025/04,33570
Agricultura,696790,05,2026/01,18767
Agricultura,696790,01,2025/01,30361
Agricultura,696790,01,2025/02,30478
Agricultura,696790,01,2025/03,38540
Agricultura,696790,01,2025/04,42536
Agricultura,696790,01,2026/01,14770
Agricultura,696790,03,2025/01,25627
Agricultura,696790,03,2025/02,47274
Agricultura,696790,03,2025/03,64776
Agricultura,696790,03,2025/04,61383
Agricultura,696790,03,2026/01,16524
Agricultura,696790,07,2025/01,66674
Agricultura,696790,07,2025/02,111569
Agricultura,696790,07,2025/03,69509
Agricultura,696790,07,2025/04,47833
Agricultura,696790,07,2026/01,83289
Agricultura,696790,06,2025/01,90510
Agricultura,696790,06,2025/02,96859
Agricultura,696790,06,2025/03,88358
Agricultura,696790,06,2025/04,86631
Agricultura,696790,06,2026/01,94291
Agricultura,696790,08,2025/01,170030
Agricultura,696790,08,2025/02,118555
Agricultura,696790,08,2025/03,147550
Agricultura,696790,08,2025/04,215108
Agricultura,696790,08,2026/01,124151
Agricultura,696790,04,2025/01,7319
Agricultura,696790,04,2025/02,5226
Agricultura,696790,04,2025/03,2340
Agricultura,696790,04,2025/04,1068
Agricultura,696790,04,2026/01,7426
Agricultura,696790,02,2025/01,342531
Agricultura,696790,02,2025/02,264742
Agricultura,696790,02,2025/03,236480
Agricultura,696790,02,2025/04,234030
Agricultura,696790,02,2026/01,313536
Agricultura,696790,12,2025/01,1742
Agricultura,696790,12,2025/02,6138
Agricultura,696790,12,2025/03,2499
Agricultura,696790,12,2025/04,742
Agricultura,696790,12,2026/01,2844
Agricultura,696790,10,2025/01,1838
Agricultura,696790,10,2025/02,1709
Agricultura,696790,10,2025/03,2234
Agricultura,696790,10,2025/04,2369
Agricultura,696790,10,2026/01,2805
Agricultura,696790,14,2025/01,490199
Agricultura,696790,14,2025/02,407695
Agricultura,696790,14,2025/03,297516
Agricultura,696790,14,2025/04,371163
Agricultura,696790,14,2026/01,491504
Agricultura,696790,11,2025/01,245432
Agricultura,696790,11,2025/02,186032
Agricultura,696790,11,2025/03,137700
Agricultura,696790,11,2025/04,192460
Agricultura,696790,11,2026/01,242356
Agricultura,696790,13,2025/01,3547
Agricultura,696790,13,2025/02,2527
Agricultura,696790,13,2025/03,7121
Agricultura,696790,13,2025/04,11387
Agricultura,696790,13,2026/01,3650
Agricultura,696790,15,2025/01,17796
Agricultura,696790,15,2025/02,13729
Agricultura,696790,15,2025/03,13336
Agricultura,696790,15,2025/04,19445
Agricultura,696790,15,2026/01,16463
Agricultura,696790,16,2025/01,1516026
Agricultura,696790,16,2025/02,1172898
Agricultura,696790,16,2025/03,822388
Agricultura,696790,16,2025/04,1044915
Agricultura,696790,16,2026/01,1246910
Agricultura,696790,09,2025/01,9496
Agricultura,696790,09,2025/02,4030
Agricultura,696790,09,2025/03,300
Agricultura,696790,09,2025/04,4401
Agricultura,696790,09,2026/01,4640
Agricultura,696790,23,2025/01,128
Agricultura,696790,23,2025/02,154
Agricultura,696790,23,2025/03,357
Agricultura,696790,23,2025/04,191
Agricultura,696790,23,2026/01,673
Agricultura,696790,22,2025/01,51326
Agricultura,696790,22,2025/02,40056
Agricultura,696790,22,2025/03,34712
Agricultura,696790,22,2025/04,52759
Agricultura,696790,22,2026/01,45743
Agricultura,696790,20,2025/01,27608
Agricultura,696790,20,2025/02,58910
Agricultura,696790,20,2025/03,29021
Agricultura,696790,20,2025/04,3691
Agricultura,696790,20,2026/01,34281
Agricultura,696790,18,2025/01,37643
Agricultura,696790,18,2025/02,60936
Agricultura,696790,18,2025/03,38867
Agricultura,696790,18,2025/04,26787
Agricultura,696790,18,2026/01,45900
Agricultura,696790,24,2025/01,14473
Agricultura,696790,24,2025/02,21304
Agricultura,696790,24,2025/03,44521
Agricultura,696790,24,2025/04,32830
Agricultura,696790,24,2026/01,2201
Agricultura,696790,17,2025/01,22060
Agricultura,696790,17,2025/02,7254
Agricultura,696790,17,2025/03,10490
Agricultura,696790,17,2025/04,11688
Agricultura,696790,17,2026/01,21030
Agricultura,696790,21,2025/01,67523
Agricultura,696790,21,2025/02,51744
Agricultura,696790,21,2025/03,66631
Agricultura,696790,21,2025/04,88296
Agricultura,696790,21,2026/01,66671
Agricultura,696790,19,2025/01,11211
Agricultura,696790,19,2025/02,13031
Agricultura,696790,19,2025/03,18442
Agricultura,696790,19,2025/04,17104
Agricultura,696790,19,2026/01,11299
Agricultura,696790,29,2025/01,1079
Agricultura,696790,29,2025/02,1094
Agricultura,696790,29,2025/03,1351
Agricultura,696790,29,2025/04,1761
Agricultura,696790,29,2026/01,1202
Agricultura,696790,28,2025/01,104651
Agricultura,696790,28,2025/02,84159
Agricultura,696790,28,2025/03,64375
Agricultura,696790,28,2025/04,78975
Agricultura,696790,28,2026/01,89592
Agricultura,696790,27,2025/01,13733
Agricultura,696790,27,2025/02,21545
Agricultura,696790,27,2025/03,18282
Agricultura,696790,27,2025/04,11649
Agricultura,696790,27,2026/01,18166
Agricultura,696790,26,2025/01,454789
Agricultura,696790,26,2025/02,857532
Agricultura,696790,26,2025/03,174510
Agricultura,696790,26,2025/04,387431
Agricultura,696790,26,2026/01,400026
Agricultura,696790,31,2025/01,7102
Agricultura,696790,31,2025/02,6494
Agricultura,696790,31,2025/03,5743
Agricultura,696790,31,2025/04,3285
Agricultura,696790,31,2026/01,6235
Agricultura,696790,30,2025/01,139492
Agricultura,696790,30,2025/02,172665
Agricultura,696790,30,2025/03,162538
Agricultura,696790,30,2025/04,92575
Agricultura,696790,30,2026/01,164479
Agricultura,696790,32,2025/01,22642
Agricultura,696790,32,2025/02,19587
Agricultura,696790,32,2025/03,26728
Agricultura,696790,32,2025/04,31234
Agricultura,696790,32,2026/01,21697
Agricultura,696790,25,2025/01,957594
Agricultura,696790,25,2025/02,547812
Agricultura,696790,25,2025/03,266221
Agricultura,696790,25,2025/04,302903
Agricultura,696790,25,2026/01,812067
Cría y explotación de animales,696791,07,2025/01,1130
Cría y explotación de animales,696791,07,2025/02,3000
Cría y explotación de animales,696791,07,2025/03,3033
Cría y explotación de animales,696791,07,2025/04,1386
Cría y explotación de animales,696791,07,2026/01,1162
Cría y explotación de animales,696791,06,2025/01,0
Cría y explotación de animales,696791,06,2025/02,0
Cría y explotación de animales,696791,06,2025/03,0
Cría y explotación de animales,696791,06,2025/04,0
Cría y explotación de animales,696791,06,2026/01,0
Cría y explotación de animales,696791,05,2025/01,0
Cría y explotación de animales,696791,05,2025/02,2946
Cría y explotación de animales,696791,05,2025/03,0
Cría y explotación de animales,696791,05,2025/04,0
Cría y explotación de animales,696791,05,2026/01,0
Cría y explotación de animales,696791,04,2025/01,894
Cría y explotación de animales,696791,04,2025/02,1991
Cría y explotación de animales,696791,04,2025/03,2265
Cría y explotación de animales,696791,04,2025/04,914
Cría y explotación de animales,696791,04,2026/01,966
Cría y explotación de animales,696791,12,2025/01,0
Cría y explotación de animales,696791,12,2025/02,0
Cría y explotación de animales,696791,12,2025/03,0
Cría y explotación de animales,696791,12,2025/04,0
Cría y explotación de animales,696791,12,2026/01,0
Cría y explotación de animales,696791,11,2025/01,0
Cría y explotación de animales,696791,11,2025/02,0
Cría y explotación de animales,696791,11,2025/03,0
Cría y explotación de animales,696791,11,2025/04,0
Cría y explotación de animales,696791,11,2026/01,0
Cría y explotación de animales,696791,10,2025/01,5571
Cría y explotación de animales,696791,10,2025/02,14961
Cría y explotación de animales,696791,10,2025/03,0
Cría y explotación de animales,696791,10,2025/04,0
Cría y explotación de animales,696791,10,2026/01,0
Cría y explotación de animales,696791,18,2025/01,0
Cría y explotación de animales,696791,18,2025/02,0
Cría y explotación de animales,696791,18,2025/03,0
Cría y explotación de animales,696791,18,2025/04,0
Cría y explotación de animales,696791,18,2026/01,0
Cría y explotación de animales,696791,19,2025/01,40
Cría y explotación de animales,696791,19,2025/02,153
Cría y explotación de animales,696791,19,2025/03,60
Cría y explotación de animales,696791,19,2025/04,31
Cría y explotación de animales,696791,19,2026/01,31
Cría y explotación de animales,696791,22,2025/01,0
Cría y explotación de animales,696791,22,2025/02,0
Cría y explotación de animales,696791,22,2025/03,0
Cría y explotación de animales,696791,22,2025/04,0
Cría y explotación de animales,696791,22,2026/01,0
Cría y explotación de animales,696791,26,2025/01,104384
Cría y explotación de animales,696791,26,2025/02,76963
Cría y explotación de animales,696791,26,2025/03,25476
Cría y explotación de animales,696791,26,2025/04,33660
Cría y explotación de animales,696791,26,2026/01,24572
Cría y explotación de animales,696791,25,2025/01,20035
Cría y explotación de animales,696791,25,2025/02,5203
Cría y explotación de animales,696791,25,2025/03,2782
Cría y explotación de animales,696791,25,2025/04,8993
Cría y explotación de animales,696791,25,2026/01,19586
Cría y explotación de animales,696791,28,2025/01,191
Cría y explotación de animales,696791,28,2025/02,3839
Cría y explotación de animales,696791,28,2025/03,226
Cría y explotación de animales,696791,28,2025/04,213
Cría y explotación de animales,696791,28,2026/01,458
Cría y explotación de animales,696791,31,2025/01,3525
Cría y explotación de animales,696791,31,2025/02,12004
Cría y explotación de animales,696791,31,2025/03,13037
Cría y explotación de animales,696791,31,2025/04,4536
Cría y explotación de animales,696791,31,2026/01,4147
"Pesca, caza y captura",697788,02,2025/01,44598
"Pesca, caza y captura",697788,02,2025/02,32153
"Pesca, caza y captura",697788,02,2025/03,40649
"Pesca, caza y captura",697788,02,2025/04,74190
"Pesca, caza y captura",697788,02,2026/01,44407
"Pesca, caza y captura",697788,01,2025/01,0
"Pesca, caza y captura",697788,01,2025/02,0
"Pesca, caza y captura",697788,01,2025/03,0
"Pesca, caza y captura",697788,01,2025/04,0
"Pesca, caza y captura",697788,01,2026/01,0
"Pesca, caza y captura",697788,03,2025/01,4598
"Pesca, caza y captura",697788,03,2025/02,3042
"Pesca, caza y captura",697788,03,2025/03,3558
"Pesca, caza y captura",697788,03,2025/04,16140
"Pesca, caza y captura",697788,03,2026/01,7880
"Pesca, caza y captura",697788,04,2025/01,714
"Pesca, caza y captura",697788,04,2025/02,640
"Pesca, caza y captura",697788,04,2025/03,826
"Pesca, caza y captura",697788,04,2025/04,925
"Pesca, caza y captura",697788,04,2026/01,819
"Pesca, caza y captura",697788,06,2025/01,0
"Pesca, caza y captura",697788,06,2025/02,0
"Pesca, caza y captura",697788,06,2025/03,0
"Pesca, caza y captura",697788,06,2025/04,0
"Pesca, caza y captura",697788,06,2026/01,0
"Pesca, caza y captura",697788,05,2025/01,0
"Pesca, caza y captura",697788,05,2025/02,0
"Pesca, caza y captura",697788,05,2025/03,0
"Pesca, caza y captura",697788,05,2025/04,0
"Pesca, caza y captura",697788,05,2026/01,0
"Pesca, caza y captura",697788,07,2025/01,0
"Pesca, caza y captura",697788,07,2025/02,0
"Pesca, caza y captura",697788,07,2025/03,0
"Pesca, caza y captura",697788,07,2025/04,0
"Pesca, caza y captura",697788,07,2026/01,0
"Pesca, caza y captura",697788,08,2025/01,0
"Pesca, caza y captura",697788,08,2025/02,0
"Pesca, caza y captura",697788,08,2025/03,0
"Pesca, caza y captura",697788,08,2025/04,0
"Pesca, caza y captura",697788,08,2026/01,0
"Pesca, caza y captura",697788,10,2025/01,0
"Pesca, caza y captura",697788,10,2025/02,0
"Pesca, caza y captura",697788,10,2025/03,0
"Pesca, caza y captura",697788,10,2025/04,0
"Pesca, caza y captura",697788,10,2026/01,0
"Pesca, caza y captura",697788,09,2025/01,0
"Pesca, caza y captura",697788,09,2025/02,0
"Pesca, caza y captura",697788,09,2025/03,0
"Pesca, caza y captura",697788,09,2025/04,0
"Pesca, caza y captura",697788,09,2026/01,0
"Pesca, caza y captura",697788,11,2025/01,0
"Pesca, caza y captura",697788,11,2025/02,0
"Pesca, caza y captura",697788,11,2025/03,0
"Pesca, caza y captura",697788,11,2025/04,0
"Pesca, caza y captura",697788,11,2026/01,0
"Pesca, caza y captura",697788,12,2025/01,0
"Pesca, caza y captura",697788,12,2025/02,0
"Pesca, caza y captura",697788,12,2025/03,0
"Pesca, caza y captura",697788,12,2025/04,0
"Pesca, caza y captura",697788,12,2026/01,0
"Pesca, caza y captura",697788,14,2025/01,0
"Pesca, caza y captura",697788,14,2025/02,0
"Pesca, caza y captura",697788,14,2025/03,0
"Pesca, caza y captura",697788,14,2025/04,0
"Pesca, caza y captura",697788,14,2026/01,0
"Pesca, caza y captura",697788,13,2025/01,0
"Pesca, caza y captura",697788,13,2025/02,0
"Pesca, caza y captura",697788,13,2025/03,0
"Pesca, caza y captura",697788,13,2025/04,0
"Pesca, caza y captura",697788,13,2026/01,0
"Pesca, caza y captura",697788,15,2025/01,0
"Pesca, caza y captura",697788,15,2025/02,0
"Pesca, caza y captura",697788,15,2025/03,0
"Pesca, caza y captura",697788,15,2025/04,0
"Pesca, caza y captura",697788,15,2026/01,0
"Pesca, caza y captura",697788,16,2025/01,0
"Pesca, caza y captura",697788,16,2025/02,0
"Pesca, caza y captura",697788,16,2025/03,0
"Pesca, caza y captura",697788,16,2025/04,0
"Pesca, caza y captura",697788,16,2026/01,0
"Pesca, caza y captura",697788,18,2025/01,0
"Pesca, caza y captura",697788,18,2025/02,0
"Pesca, caza y captura",697788,18,2025/03,0
"Pesca, caza y captura",697788,18,2025/04,0
"Pesca, caza y captura",697788,18,2026/01,0
"Pesca, caza y captura",697788,17,2025/01,0
"Pesca, caza y captura",697788,17,2025/02,0
"Pesca, caza y captura",697788,17,2025/03,0
"Pesca, caza y captura",697788,17,2025/04,0
"Pesca, caza y captura",697788,17,2026/01,0
"Pesca, caza y captura",697788,19,2025/01,0
"Pesca, caza y captura",697788,19,2025/02,0
"Pesca, caza y captura",697788,19,2025/03,0
"Pesca, caza y captura",697788,19,2025/04,0
"Pesca, caza y captura",697788,19,2026/01,0
"Pesca, caza y captura",697788,24,2025/01,0
"Pesca, caza y captura",697788,24,2025/02,0
"Pesca, caza y captura",697788,24,2025/03,0
"Pesca, caza y captura",697788,24,2025/04,0
"Pesca, caza y captura",697788,24,2026/01,0
"Pesca, caza y captura",697788,21,2025/01,0
"Pesca, caza y captura",697788,21,2025/02,0
"Pesca, caza y captura",697788,21,2025/03,0
"Pesca, caza y captura",697788,21,2025/04,0
"Pesca, caza y captura",697788,21,2026/01,0
"Pesca, caza y captura",697788,20,2025/01,0
"Pesca, caza y captura",697788,20,2025/02,0
"Pesca, caza y captura",697788,20,2025/03,0
"Pesca, caza y captura",697788,20,2025/04,0
"Pesca, caza y captura",697788,20,2026/01,0
"Pesca, caza y captura",697788,22,2025/01,0
"Pesca, caza y captura",697788,22,2025/02,0
"Pesca, caza y captura",697788,22,2025/03,0
"Pesca, caza y captura",697788,22,2025/04,0
"Pesca, caza y captura",697788,22,2026/01,0
"Pesca, caza y captura",697788,23,2025/01,921
"Pesca, caza y captura",697788,23,2025/02,444
"Pesca, caza y captura",697788,23,2025/03,1149
"Pesca, caza y captura",697788,23,2025/04,1639
"Pesca, caza y captura",697788,23,2026/01,1051
"Pesca, caza y captura",697788,25,2025/01,1551
"Pesca, caza y captura",697788,25,2025/02,1443
"Pesca, caza y captura",697788,25,2025/03,1310
"Pesca, caza y captura",697788,25,2025/04,1239
"Pesca, caza y captura",697788,25,2026/01,1460
"Pesca, caza y captura",697788,26,2025/01,822
"Pesca, caza y captura",697788,26,2025/02,634
"Pesca, caza y captura",697788,26,2025/03,371
"Pesca, caza y captura",697788,26,2025/04,650
"Pesca, caza y captura",697788,26,2026/01,889
"Pesca, caza y captura",697788,29,2025/01,0
"Pesca, caza y captura",697788,29,2025/02,0
"Pesca, caza y captura",697788,29,2025/03,0
"Pesca, caza y captura",697788,29,2025/04,0
"Pesca, caza y captura",697788,29,2026/01,0
"Pesca, caza y captura",697788,28,2025/01,671
"Pesca, caza y captura",697788,28,2025/02,479
"Pesca, caza y captura",697788,28,2025/03,535
"Pesca, caza y captura",697788,28,2025/04,606
"Pesca, caza y captura",697788,28,2026/01,800
"Pesca, caza y captura",697788,31,2025/01,13081
"Pesca, caza y captura",697788,31,2025/02,12770
"Pesca, caza y captura",697788,31,2025/03,15196
"Pesca, caza y captura",697788,31,2025/04,15343
"Pesca, caza y captura",697788,31,2026/01,15647
"Pesca, caza y captura",697788,32,2025/01,0
"Pesca, caza y captura",697788,32,2025/02,0
"Pesca, caza y captura",697788,32,2025/03,0
"Pesca, caza y captura",697788,32,2025/04,0
"Pesca, caza y captura",697788,32,2026/01,0
Extracción de petróleo y gas,629660,07,2025/01,107290
Extracción de petróleo y gas,629660,07,2025/02,103573
Extracción de petróleo y gas,629660,07,2025/03,108797
Extracción de petróleo y gas,629660,07,2025/04,98826
Extracción de petróleo y gas,629660,07,2026/01,95410
Extracción de petróleo y gas,629660,04,2025/01,2451121
Extracción de petróleo y gas,629660,04,2025/02,2053865
Extracción de petróleo y gas,629660,04,2025/03,2039398
Extracción de petróleo y gas,629660,04,2025/04,1724669
Extracción de petróleo y gas,629660,04,2026/01,1576266
Extracción de petróleo y gas,629660,30,2025/01,178380
Extracción de petróleo y gas,629660,30,2025/02,152499
Extracción de petróleo y gas,629660,30,2025/03,156992
Extracción de petróleo y gas,629660,30,2025/04,132791
Extracción de petróleo y gas,629660,30,2026/01,134692
Extracción de petróleo y gas,629660,27,2025/01,1527834
Extracción de petróleo y gas,629660,27,2025/02,1335465
Extracción de petróleo y gas,629660,27,2025/03,1431695
Extracción de petróleo y gas,629660,27,2025/04,1215423
Extracción de petróleo y gas,629660,27,2026/01,1079091
Minería de minerales metálicos y no metálicos,629661,10,2025/01,111040
Minería de minerales metálicos y no metálicos,629661,10,2025/02,114164
Minería de minerales metálicos y no metálicos,629661,10,2025/03,125528
Minería de minerales metálicos y no metálicos,629661,10,2025/04,169125
Minería de minerales metálicos y no metálicos,629661,10,2026/01,203939
Minería de minerales metálicos y no metálicos,629661,05,2025/01,299595
Minería de minerales metálicos y no metálicos,629661,05,2025/02,321846
Minería de minerales metálicos y no metálicos,629661,05,2025/03,272986
Minería de minerales metálicos y no metálicos,629661,05,2025/04,442938
Minería de minerales metálicos y no metálicos,629661,05,2026/01,526041
Minería de minerales metálicos y no metálicos,629661,08,2025/01,169640
Minería de minerales metálicos y no metálicos,629661,08,2025/02,190103
Minería de minerales metálicos y no metálicos,629661,08,2025/03,161665
Minería de minerales metálicos y no metálicos,629661,08,2025/04,206668
Minería de minerales metálicos y no metálicos,629661,08,2026/01,327559
Minería de minerales metálicos y no metálicos,629661,26,2025/01,739056
Minería de minerales metálicos y no metálicos,629661,26,2025/02,810803
Minería de minerales metálicos y no metálicos,629661,26,2025/03,796111
Minería de minerales metálicos y no metálicos,629661,26,2025/04,1151043
Minería de minerales metálicos y no metálicos,629661,26,2026/01,988721
Minería de minerales metálicos y no metálicos,629661,25,2025/01,9017
Minería de minerales metálicos y no metálicos,629661,25,2025/02,12150
Minería de minerales metálicos y no metálicos,629661,25,2025/03,8180
Minería de minerales metálicos y no metálicos,629661,25,2025/04,12785
Minería de minerales metálicos y no metálicos,629661,25,2026/01,21927
Minería de minerales metálicos y no metálicos,629661,19,2025/01,15858
Minería de minerales metálicos y no metálicos,629661,19,2025/02,19891
Minería de minerales metálicos y no metálicos,629661,19,2025/03,18926
Minería de minerales metálicos y no metálicos,629661,19,2025/04,17214
Minería de minerales metálicos y no metálicos,629661,19,2026/01,20773
Industria alimentaria,629662,02,2025/01,207573
Industria alimentaria,629662,02,2025/02,186536
Industria alimentaria,629662,02,2025/03,210793
Industria alimentaria,629662,02,2025/04,225084
Industria alimentaria,629662,02,2026/01,220755
Industria alimentaria,629662,01,2025/01,73385
Industria alimentaria,629662,01,2025/02,72093
Industria alimentaria,629662,01,2025/03,68448
Industria alimentaria,629662,01,2025/04,81272
Industria alimentaria,629662,01,2026/01,77276
Minería de minerales metálicos y no metálicos,629661,32,2025/01,611220
Minería de minerales metálicos y no metálicos,629661,32,2025/02,833361
Minería de minerales metálicos y no metálicos,629661,32,2025/03,681871
Minería de minerales metálicos y no metálicos,629661,32,2025/04,788655
Minería de minerales metálicos y no metálicos,629661,32,2026/01,1201455
Industria alimentaria,629662,09,2025/01,44416
Industria alimentaria,629662,09,2025/02,48068
Industria alimentaria,629662,09,2025/03,50315
Industria alimentaria,629662,09,2025/04,50838
Industria alimentaria,629662,09,2026/01,46881
Industria alimentaria,629662,10,2025/01,95512
Industria alimentaria,629662,10,2025/02,79254
Industria alimentaria,629662,10,2025/03,101307
Industria alimentaria,629662,10,2025/04,122521
Industria alimentaria,629662,10,2026/01,112826
Industria alimentaria,629662,05,2025/01,97981
Industria alimentaria,629662,05,2025/02,110536
Industria alimentaria,629662,05,2025/03,102910
Industria alimentaria,629662,05,2025/04,110040
Industria alimentaria,629662,05,2026/01,100631
Industria alimentaria,629662,04,2025/01,10265
Industria alimentaria,629662,04,2025/02,7898
Industria alimentaria,629662,04,2025/03,617
Industria alimentaria,629662,04,2025/04,3990
Industria alimentaria,629662,04,2026/01,5706
Industria alimentaria,629662,08,2025/01,250794
Industria alimentaria,629662,08,2025/02,229953
Industria alimentaria,629662,08,2025/03,229058
Industria alimentaria,629662,08,2025/04,277727
Industria alimentaria,629662,08,2026/01,234933
Industria alimentaria,629662,07,2025/01,58440
Industria alimentaria,629662,07,2025/02,92787
Industria alimentaria,629662,07,2025/03,49243
Industria alimentaria,629662,07,2025/04,29398
Industria alimentaria,629662,07,2026/01,71730
Industria alimentaria,629662,06,2025/01,47310
Industria alimentaria,629662,06,2025/02,46291
Industria alimentaria,629662,06,2025/03,46351
Industria alimentaria,629662,06,2025/04,42259
Industria alimentaria,629662,06,2026/01,37406
Industria alimentaria,629662,13,2025/01,24361
Industria alimentaria,629662,13,2025/02,19976
Industria alimentaria,629662,13,2025/03,21473
Industria alimentaria,629662,13,2025/04,17448
Industria alimentaria,629662,13,2026/01,18651
Industria alimentaria,629662,15,2025/01,372509
Industria alimentaria,629662,15,2025/02,392516
Industria alimentaria,629662,15,2025/03,386593
Industria alimentaria,629662,15,2025/04,392680
Industria alimentaria,629662,15,2026/01,357313
Industria alimentaria,629662,14,2025/01,351147
Industria alimentaria,629662,14,2025/02,330985
Industria alimentaria,629662,14,2025/03,342772
Industria alimentaria,629662,14,2025/04,325357
Industria alimentaria,629662,14,2026/01,305476
Industria alimentaria,629662,18,2025/01,9999
Industria alimentaria,629662,18,2025/02,10010
Industria alimentaria,629662,18,2025/03,15509
Industria alimentaria,629662,18,2025/04,10444
Industria alimentaria,629662,18,2026/01,6374
Industria alimentaria,629662,11,2025/01,395781
Industria alimentaria,629662,11,2025/02,353641
Industria alimentaria,629662,11,2025/03,326109
Industria alimentaria,629662,11,2025/04,371897
Industria alimentaria,629662,11,2026/01,415337
Industria alimentaria,629662,17,2025/01,28363
Industria alimentaria,629662,17,2025/02,35476
Industria alimentaria,629662,17,2025/03,35790
Industria alimentaria,629662,17,2025/04,35257
Industria alimentaria,629662,17,2026/01,34853
Industria alimentaria,629662,16,2025/01,177009
Industria alimentaria,629662,16,2025/02,171826
Industria alimentaria,629662,16,2025/03,201244
Industria alimentaria,629662,16,2025/04,211442
Industria alimentaria,629662,16,2026/01,193620
Industria alimentaria,629662,19,2025/01,608032
Industria alimentaria,629662,19,2025/02,551219
Industria alimentaria,629662,19,2025/03,555347
Industria alimentaria,629662,19,2025/04,592394
Industria alimentaria,629662,19,2026/01,580279
Industria alimentaria,629662,26,2025/01,70610
Industria alimentaria,629662,26,2025/02,77034
Industria alimentaria,629662,26,2025/03,69013
Industria alimentaria,629662,26,2025/04,68076
Industria alimentaria,629662,26,2026/01,83262
Industria alimentaria,629662,22,2025/01,94124
Industria alimentaria,629662,22,2025/02,96427
Industria alimentaria,629662,22,2025/03,90896
Industria alimentaria,629662,22,2025/04,89865
Industria alimentaria,629662,22,2026/01,90236
Industria alimentaria,629662,24,2025/01,162643
Industria alimentaria,629662,24,2025/02,163862
Industria alimentaria,629662,24,2025/03,184468
Industria alimentaria,629662,24,2025/04,189951
Industria alimentaria,629662,24,2026/01,189568
Industria alimentaria,629662,21,2025/01,228508
Industria alimentaria,629662,21,2025/02,220138
Industria alimentaria,629662,21,2025/03,227666
Industria alimentaria,629662,21,2025/04,231321
Industria alimentaria,629662,21,2026/01,246314
Industria alimentaria,629662,25,2025/01,150638
Industria alimentaria,629662,25,2025/02,159657
Industria alimentaria,629662,25,2025/03,180707
Industria alimentaria,629662,25,2025/04,184814
Industria alimentaria,629662,25,2026/01,179651
Industria alimentaria,629662,32,2025/01,22862
Industria alimentaria,629662,32,2025/02,25902
Industria alimentaria,629662,32,2025/03,21653
Industria alimentaria,629662,32,2025/04,25130
Industria alimentaria,629662,32,2026/01,22874
Industria alimentaria,629662,28,2025/01,15279
Industria alimentaria,629662,28,2025/02,12757
Industria alimentaria,629662,28,2025/03,24881
Industria alimentaria,629662,28,2025/04,16039
Industria alimentaria,629662,28,2026/01,14616
Industria de las bebidas y del tabaco,629663,02,2025/01,53713
Industria de las bebidas y del tabaco,629663,02,2025/02,72975
Industria de las bebidas y del tabaco,629663,02,2025/03,74552
Industria de las bebidas y del tabaco,629663,02,2025/04,82702
Industria de las bebidas y del tabaco,629663,02,2026/01,74194
Industria alimentaria,629662,27,2025/01,18515
Industria alimentaria,629662,27,2025/02,3862
Industria alimentaria,629662,27,2025/03,10401
Industria alimentaria,629662,27,2025/04,16760
Industria alimentaria,629662,27,2026/01,11029
Industria alimentaria,629662,30,2025/01,487533
Industria alimentaria,629662,30,2025/02,579807
Industria alimentaria,629662,30,2025/03,413132
Industria alimentaria,629662,30,2025/04,284801
Industria alimentaria,629662,30,2026/01,553712
Industria alimentaria,629662,31,2025/01,103972
Industria alimentaria,629662,31,2025/02,110266
Industria alimentaria,629662,31,2025/03,114455
Industria alimentaria,629662,31,2025/04,123813
Industria alimentaria,629662,31,2026/01,110583
Industria de las bebidas y del tabaco,629663,05,2025/01,825965
Industria de las bebidas y del tabaco,629663,05,2025/02,994106
Industria de las bebidas y del tabaco,629663,05,2025/03,794300
Industria de las bebidas y del tabaco,629663,05,2025/04,844305
Industria de las bebidas y del tabaco,629663,05,2026/01,851351
Industria de las bebidas y del tabaco,629663,08,2025/01,20052
Industria de las bebidas y del tabaco,629663,08,2025/02,23908
Industria de las bebidas y del tabaco,629663,08,2025/03,24875
Industria de las bebidas y del tabaco,629663,08,2025/04,20216
Industria de las bebidas y del tabaco,629663,08,2026/01,24560
Industria de las bebidas y del tabaco,629663,14,2025/01,706345
Industria de las bebidas y del tabaco,629663,14,2025/02,660862
Industria de las bebidas y del tabaco,629663,14,2025/03,728045
Industria de las bebidas y del tabaco,629663,14,2025/04,602833
Industria de las bebidas y del tabaco,629663,14,2026/01,825180
Industria de las bebidas y del tabaco,629663,15,2025/01,36612
Industria de las bebidas y del tabaco,629663,15,2025/02,43970
Industria de las bebidas y del tabaco,629663,15,2025/03,42204
Industria de las bebidas y del tabaco,629663,15,2025/04,34990
Industria de las bebidas y del tabaco,629663,15,2026/01,38848
Industria de las bebidas y del tabaco,629663,22,2025/01,4486
Industria de las bebidas y del tabaco,629663,22,2025/02,5039
Industria de las bebidas y del tabaco,629663,22,2025/03,5078
Industria de las bebidas y del tabaco,629663,22,2025/04,6431
Industria de las bebidas y del tabaco,629663,22,2026/01,3972
Industria de las bebidas y del tabaco,629663,19,2025/01,94904
Industria de las bebidas y del tabaco,629663,19,2025/02,141667
Industria de las bebidas y del tabaco,629663,19,2025/03,157757
Industria de las bebidas y del tabaco,629663,19,2025/04,147904
Industria de las bebidas y del tabaco,629663,19,2026/01,102588
Industria de las bebidas y del tabaco,629663,26,2025/01,457889
Industria de las bebidas y del tabaco,629663,26,2025/02,515643
Industria de las bebidas y del tabaco,629663,26,2025/03,519417
Industria de las bebidas y del tabaco,629663,26,2025/04,356997
Industria de las bebidas y del tabaco,629663,26,2026/01,332365
Industria de las bebidas y del tabaco,629663,30,2025/01,19948
Industria de las bebidas y del tabaco,629663,30,2025/02,27088
Industria de las bebidas y del tabaco,629663,30,2025/03,18435
Industria de las bebidas y del tabaco,629663,30,2025/04,13217
Industria de las bebidas y del tabaco,629663,30,2026/01,11976
Industria de las bebidas y del tabaco,629663,32,2025/01,259582
Industria de las bebidas y del tabaco,629663,32,2025/02,272049
Industria de las bebidas y del tabaco,629663,32,2025/03,262436
Industria de las bebidas y del tabaco,629663,32,2025/04,323541
Industria de las bebidas y del tabaco,629663,32,2026/01,262470
Industria de las bebidas y del tabaco,629663,28,2025/01,11241
Industria de las bebidas y del tabaco,629663,28,2025/02,10358
Industria de las bebidas y del tabaco,629663,28,2025/03,15538
Industria de las bebidas y del tabaco,629663,28,2025/04,11592
Industria de las bebidas y del tabaco,629663,28,2026/01,16902
Fabricación de insumos textiles y acabado de textiles,629664,09,2025/01,2022
Fabricación de insumos textiles y acabado de textiles,629664,09,2025/02,2170
Fabricación de insumos textiles y acabado de textiles,629664,09,2025/03,2306
Fabricación de insumos textiles y acabado de textiles,629664,09,2025/04,1725
Fabricación de insumos textiles y acabado de textiles,629664,09,2026/01,1649
Fabricación de insumos textiles y acabado de textiles,629664,05,2025/01,7341
Fabricación de insumos textiles y acabado de textiles,629664,05,2025/02,8452
Fabricación de insumos textiles y acabado de textiles,629664,05,2025/03,8608
Fabricación de insumos textiles y acabado de textiles,629664,05,2025/04,9155
Fabricación de insumos textiles y acabado de textiles,629664,05,2026/01,6892
Fabricación de insumos textiles y acabado de textiles,629664,11,2025/01,8872
Fabricación de insumos textiles y acabado de textiles,629664,11,2025/02,8260
Fabricación de insumos textiles y acabado de textiles,629664,11,2025/03,9992
Fabricación de insumos textiles y acabado de textiles,629664,11,2025/04,8918
Fabricación de insumos textiles y acabado de textiles,629664,11,2026/01,9181
Fabricación de insumos textiles y acabado de textiles,629664,14,2025/01,7065
Fabricación de insumos textiles y acabado de textiles,629664,14,2025/02,4482
Fabricación de insumos textiles y acabado de textiles,629664,14,2025/03,9208
Fabricación de insumos textiles y acabado de textiles,629664,14,2025/04,4185
Fabricación de insumos textiles y acabado de textiles,629664,14,2026/01,5945
Fabricación de insumos textiles y acabado de textiles,629664,13,2025/01,10276
Fabricación de insumos textiles y acabado de textiles,629664,13,2025/02,9885
Fabricación de insumos textiles y acabado de textiles,629664,13,2025/03,9609
Fabricación de insumos textiles y acabado de textiles,629664,13,2025/04,6067
Fabricación de insumos textiles y acabado de textiles,629664,13,2026/01,6579
Fabricación de insumos textiles y acabado de textiles,629664,15,2025/01,28532
Fabricación de insumos textiles y acabado de textiles,629664,15,2025/02,33312
Fabricación de insumos textiles y acabado de textiles,629664,15,2025/03,35092
Fabricación de insumos textiles y acabado de textiles,629664,15,2025/04,30661
Fabricación de insumos textiles y acabado de textiles,629664,15,2026/01,28952
Fabricación de insumos textiles y acabado de textiles,629664,17,2025/01,9879
Fabricación de insumos textiles y acabado de textiles,629664,17,2025/02,10352
Fabricación de insumos textiles y acabado de textiles,629664,17,2025/03,9671
Fabricación de insumos textiles y acabado de textiles,629664,17,2025/04,8506
Fabricación de insumos textiles y acabado de textiles,629664,17,2026/01,9889
Fabricación de insumos textiles y acabado de textiles,629664,21,2025/01,51645
Fabricación de insumos textiles y acabado de textiles,629664,21,2025/02,44547
Fabricación de insumos textiles y acabado de textiles,629664,21,2025/03,50892
Fabricación de insumos textiles y acabado de textiles,629664,21,2025/04,47158
Fabricación de insumos textiles y acabado de textiles,629664,21,2026/01,50347
Fabricación de insumos textiles y acabado de textiles,629664,24,2025/01,8145
Fabricación de insumos textiles y acabado de textiles,629664,24,2025/02,8140
Fabricación de insumos textiles y acabado de textiles,629664,24,2025/03,10374
Fabricación de insumos textiles y acabado de textiles,629664,24,2025/04,10208
Fabricación de insumos textiles y acabado de textiles,629664,24,2026/01,7303
Fabricación de insumos textiles y acabado de textiles,629664,31,2025/01,1478
Fabricación de insumos textiles y acabado de textiles,629664,31,2025/02,1293
Fabricación de insumos textiles y acabado de textiles,629664,31,2025/03,1295
Fabricación de insumos textiles y acabado de textiles,629664,31,2025/04,1603
Fabricación de insumos textiles y acabado de textiles,629664,31,2026/01,966
"Fabricación de productos textiles, excepto prendas de vestir",629665,02,2025/01,58987
"Fabricación de productos textiles, excepto prendas de vestir",629665,02,2025/02,67665
"Fabricación de productos textiles, excepto prendas de vestir",629665,02,2025/03,68384
"Fabricación de productos textiles, excepto prendas de vestir",629665,02,2025/04,75095
"Fabricación de productos textiles, excepto prendas de vestir",629665,02,2026/01,48174
Fabricación de insumos textiles y acabado de textiles,629664,29,2025/01,15598
Fabricación de insumos textiles y acabado de textiles,629664,29,2025/02,17139
Fabricación de insumos textiles y acabado de textiles,629664,29,2025/03,21522
Fabricación de insumos textiles y acabado de textiles,629664,29,2025/04,21161
Fabricación de insumos textiles y acabado de textiles,629664,29,2026/01,19234
"Fabricación de productos textiles, excepto prendas de vestir",629665,01,2025/01,7600
"Fabricación de productos textiles, excepto prendas de vestir",629665,01,2025/02,5172
"Fabricación de productos textiles, excepto prendas de vestir",629665,01,2025/03,6035
"Fabricación de productos textiles, excepto prendas de vestir",629665,01,2025/04,9161
"Fabricación de productos textiles, excepto prendas de vestir",629665,01,2026/01,7489
"Fabricación de productos textiles, excepto prendas de vestir",629665,05,2025/01,53191
"Fabricación de productos textiles, excepto prendas de vestir",629665,05,2025/02,66281
"Fabricación de productos textiles, excepto prendas de vestir",629665,05,2025/03,62470
"Fabricación de productos textiles, excepto prendas de vestir",629665,05,2025/04,83964
"Fabricación de productos textiles, excepto prendas de vestir",629665,05,2026/01,47512
"Fabricación de productos textiles, excepto prendas de vestir",629665,14,2025/01,11181
"Fabricación de productos textiles, excepto prendas de vestir",629665,14,2025/02,13041
"Fabricación de productos textiles, excepto prendas de vestir",629665,14,2025/03,7283
"Fabricación de productos textiles, excepto prendas de vestir",629665,14,2025/04,6731
"Fabricación de productos textiles, excepto prendas de vestir",629665,14,2026/01,7950
"Fabricación de productos textiles, excepto prendas de vestir",629665,15,2025/01,8379
"Fabricación de productos textiles, excepto prendas de vestir",629665,15,2025/02,9130
"Fabricación de productos textiles, excepto prendas de vestir",629665,15,2025/03,9197
"Fabricación de productos textiles, excepto prendas de vestir",629665,15,2025/04,8612
"Fabricación de productos textiles, excepto prendas de vestir",629665,15,2026/01,8381
"Fabricación de productos textiles, excepto prendas de vestir",629665,11,2025/01,16460
"Fabricación de productos textiles, excepto prendas de vestir",629665,11,2025/02,15601
"Fabricación de productos textiles, excepto prendas de vestir",629665,11,2025/03,17090
"Fabricación de productos textiles, excepto prendas de vestir",629665,11,2025/04,15739
"Fabricación de productos textiles, excepto prendas de vestir",629665,11,2026/01,16296
"Fabricación de productos textiles, excepto prendas de vestir",629665,19,2025/01,16534
"Fabricación de productos textiles, excepto prendas de vestir",629665,19,2025/02,7664
"Fabricación de productos textiles, excepto prendas de vestir",629665,19,2025/03,8518
"Fabricación de productos textiles, excepto prendas de vestir",629665,19,2025/04,15206
"Fabricación de productos textiles, excepto prendas de vestir",629665,19,2026/01,4218
"Fabricación de productos textiles, excepto prendas de vestir",629665,21,2025/01,10335
"Fabricación de productos textiles, excepto prendas de vestir",629665,21,2025/02,10054
"Fabricación de productos textiles, excepto prendas de vestir",629665,21,2025/03,7032
"Fabricación de productos textiles, excepto prendas de vestir",629665,21,2025/04,3350
"Fabricación de productos textiles, excepto prendas de vestir",629665,21,2026/01,1990
"Fabricación de productos textiles, excepto prendas de vestir",629665,26,2025/01,4053
"Fabricación de productos textiles, excepto prendas de vestir",629665,26,2025/02,4894
"Fabricación de productos textiles, excepto prendas de vestir",629665,26,2025/03,4887
"Fabricación de productos textiles, excepto prendas de vestir",629665,26,2025/04,4436
"Fabricación de productos textiles, excepto prendas de vestir",629665,26,2026/01,3670
"Fabricación de productos textiles, excepto prendas de vestir",629665,24,2025/01,4362
"Fabricación de productos textiles, excepto prendas de vestir",629665,24,2025/02,4923
"Fabricación de productos textiles, excepto prendas de vestir",629665,24,2025/03,5084
"Fabricación de productos textiles, excepto prendas de vestir",629665,24,2025/04,5920
"Fabricación de productos textiles, excepto prendas de vestir",629665,24,2026/01,6003
"Fabricación de productos textiles, excepto prendas de vestir",629665,28,2025/01,7106
"Fabricación de productos textiles, excepto prendas de vestir",629665,28,2025/02,9248
"Fabricación de productos textiles, excepto prendas de vestir",629665,28,2025/03,8597
"Fabricación de productos textiles, excepto prendas de vestir",629665,28,2025/04,8487
"Fabricación de productos textiles, excepto prendas de vestir",629665,28,2026/01,8388
Fabricación de prendas de vestir,629666,01,2025/01,52460
Fabricación de prendas de vestir,629666,01,2025/02,51943
Fabricación de prendas de vestir,629666,01,2025/03,46746
Fabricación de prendas de vestir,629666,01,2025/04,43878
Fabricación de prendas de vestir,629666,01,2026/01,48596
"Fabricación de productos textiles, excepto prendas de vestir",629665,31,2025/01,2893
"Fabricación de productos textiles, excepto prendas de vestir",629665,31,2025/02,2794
"Fabricación de productos textiles, excepto prendas de vestir",629665,31,2025/03,2930
"Fabricación de productos textiles, excepto prendas de vestir",629665,31,2025/04,3207
"Fabricación de productos textiles, excepto prendas de vestir",629665,31,2026/01,3014
Fabricación de prendas de vestir,629666,02,2025/01,99730
Fabricación de prendas de vestir,629666,02,2025/02,116500
Fabricación de prendas de vestir,629666,02,2025/03,117424
Fabricación de prendas de vestir,629666,02,2025/04,153187
Fabricación de prendas de vestir,629666,02,2026/01,170063
Fabricación de prendas de vestir,629666,04,2025/01,23015
Fabricación de prendas de vestir,629666,04,2025/02,21132
Fabricación de prendas de vestir,629666,04,2025/03,20475
Fabricación de prendas de vestir,629666,04,2025/04,19897
Fabricación de prendas de vestir,629666,04,2026/01,25927
Fabricación de prendas de vestir,629666,05,2025/01,133526
Fabricación de prendas de vestir,629666,05,2025/02,139705
Fabricación de prendas de vestir,629666,05,2025/03,135990
Fabricación de prendas de vestir,629666,05,2025/04,126597
Fabricación de prendas de vestir,629666,05,2026/01,101867
Fabricación de prendas de vestir,629666,08,2025/01,14460
Fabricación de prendas de vestir,629666,08,2025/02,17717
Fabricación de prendas de vestir,629666,08,2025/03,9135
Fabricación de prendas de vestir,629666,08,2025/04,5942
Fabricación de prendas de vestir,629666,08,2026/01,9840
Fabricación de prendas de vestir,629666,10,2025/01,31166
Fabricación de prendas de vestir,629666,10,2025/02,30858
Fabricación de prendas de vestir,629666,10,2025/03,33195
Fabricación de prendas de vestir,629666,10,2025/04,34757
Fabricación de prendas de vestir,629666,10,2026/01,24213
Fabricación de prendas de vestir,629666,09,2025/01,15031
Fabricación de prendas de vestir,629666,09,2025/02,12763
Fabricación de prendas de vestir,629666,09,2025/03,16705
Fabricación de prendas de vestir,629666,09,2025/04,11776
Fabricación de prendas de vestir,629666,09,2026/01,10918
Fabricación de prendas de vestir,629666,13,2025/01,6934
Fabricación de prendas de vestir,629666,13,2025/02,7033
Fabricación de prendas de vestir,629666,13,2025/03,6138
Fabricación de prendas de vestir,629666,13,2025/04,4913
Fabricación de prendas de vestir,629666,13,2026/01,4703
Fabricación de prendas de vestir,629666,14,2025/01,955
Fabricación de prendas de vestir,629666,14,2025/02,1996
Fabricación de prendas de vestir,629666,14,2025/03,1647
Fabricación de prendas de vestir,629666,14,2025/04,1703
Fabricación de prendas de vestir,629666,14,2026/01,1582
Fabricación de prendas de vestir,629666,15,2025/01,60026
Fabricación de prendas de vestir,629666,15,2025/02,51151
Fabricación de prendas de vestir,629666,15,2025/03,52132
Fabricación de prendas de vestir,629666,15,2025/04,52494
Fabricación de prendas de vestir,629666,15,2026/01,49716
Fabricación de prendas de vestir,629666,11,2025/01,14967
Fabricación de prendas de vestir,629666,11,2025/02,17903
Fabricación de prendas de vestir,629666,11,2025/03,20583
Fabricación de prendas de vestir,629666,11,2025/04,22290
Fabricación de prendas de vestir,629666,11,2026/01,20493
Fabricación de prendas de vestir,629666,19,2025/01,1566
Fabricación de prendas de vestir,629666,19,2025/02,2089
Fabricación de prendas de vestir,629666,19,2025/03,2011
Fabricación de prendas de vestir,629666,19,2025/04,2688
Fabricación de prendas de vestir,629666,19,2026/01,2653
Fabricación de prendas de vestir,629666,21,2025/01,73587
Fabricación de prendas de vestir,629666,21,2025/02,68150
Fabricación de prendas de vestir,629666,21,2025/03,77965
Fabricación de prendas de vestir,629666,21,2025/04,73486
Fabricación de prendas de vestir,629666,21,2026/01,71631
Fabricación de prendas de vestir,629666,22,2025/01,6865
Fabricación de prendas de vestir,629666,22,2025/02,5811
Fabricación de prendas de vestir,629666,22,2025/03,6198
Fabricación de prendas de vestir,629666,22,2025/04,6992
Fabricación de prendas de vestir,629666,22,2026/01,5987
Fabricación de prendas de vestir,629666,24,2025/01,11012
Fabricación de prendas de vestir,629666,24,2025/02,13014
Fabricación de prendas de vestir,629666,24,2025/03,13052
Fabricación de prendas de vestir,629666,24,2025/04,13344
Fabricación de prendas de vestir,629666,24,2026/01,10830
Fabricación de prendas de vestir,629666,28,2025/01,25011
Fabricación de prendas de vestir,629666,28,2025/02,24278
Fabricación de prendas de vestir,629666,28,2025/03,25526
Fabricación de prendas de vestir,629666,28,2025/04,28301
Fabricación de prendas de vestir,629666,28,2026/01,23596
Fabricación de prendas de vestir,629666,29,2025/01,14364
Fabricación de prendas de vestir,629666,29,2025/02,16799
Fabricación de prendas de vestir,629666,29,2025/03,16220
Fabricación de prendas de vestir,629666,29,2025/04,14142
Fabricación de prendas de vestir,629666,29,2026/01,15366
"Curtido y acabado de cuero y piel, y fabricación de productos de cuero",629667,02,2025/01,6799
"Curtido y acabado de cuero y piel, y fabricación de productos de cuero",629667,02,2025/02,6360
"Curtido y acabado de cuero y piel, y fabricación de productos de cuero",629667,02,2025/03,6410
"Curtido y acabado de cuero y piel, y fabricación de productos de cuero",629667,02,2025/04,7012
"Curtido y acabado de cuero y piel, y fabricación de productos de cuero",629667,02,2026/01,6534
Fabricación de prendas de vestir,629666,31,2025/01,71612
Fabricación de prendas de vestir,629666,31,2025/02,77544
Fabricación de prendas de vestir,629666,31,2025/03,75963
Fabricación de prendas de vestir,629666,31,2025/04,72127
Fabricación de prendas de vestir,629666,31,2026/01,68007
"Curtido y acabado de cuero y piel, y fabricación de productos de cuero",629667,05,2025/01,5565
"Curtido y acabado de cuero y piel, y fabricación de productos de cuero",629667,05,2025/02,6666
"Curtido y acabado de cuero y piel, y fabricación de productos de cuero",629667,05,2025/03,7485
"Curtido y acabado de cuero y piel, y fabricación de productos de cuero",629667,05,2025/04,4306
"Curtido y acabado de cuero y piel, y fabricación de productos de cuero",629667,05,2026/01,4437
"Curtido y acabado de cuero y piel, y fabricación de productos de cuero",629667,08,2025/01,38929
"Curtido y acabado de cuero y piel, y fabricación de productos de cuero",629667,08,2025/02,46873
"Curtido y acabado de cuero y piel, y fabricación de productos de cuero",629667,08,2025/03,49423
"Curtido y acabado de cuero y piel, y fabricación de productos de cuero",629667,08,2025/04,40937
"Curtido y acabado de cuero y piel, y fabricación de productos de cuero",629667,08,2026/01,39937
"Curtido y acabado de cuero y piel, y fabricación de productos de cuero",629667,09,2025/01,1745
"Curtido y acabado de cuero y piel, y fabricación de productos de cuero",629667,09,2025/02,942
"Curtido y acabado de cuero y piel, y fabricación de productos de cuero",629667,09,2025/03,527
"Curtido y acabado de cuero y piel, y fabricación de productos de cuero",629667,09,2025/04,851
"Curtido y acabado de cuero y piel, y fabricación de productos de cuero",629667,09,2026/01,861
"Curtido y acabado de cuero y piel, y fabricación de productos de cuero",629667,11,2025/01,149995
"Curtido y acabado de cuero y piel, y fabricación de productos de cuero",629667,11,2025/02,161930
"Curtido y acabado de cuero y piel, y fabricación de productos de cuero",629667,11,2025/03,194170
"Curtido y acabado de cuero y piel, y fabricación de productos de cuero",629667,11,2025/04,183954
"Curtido y acabado de cuero y piel, y fabricación de productos de cuero",629667,11,2026/01,171317
"Curtido y acabado de cuero y piel, y fabricación de productos de cuero",629667,14,2025/01,2039
"Curtido y acabado de cuero y piel, y fabricación de productos de cuero",629667,14,2025/02,1649
"Curtido y acabado de cuero y piel, y fabricación de productos de cuero",629667,14,2025/03,1142
"Curtido y acabado de cuero y piel, y fabricación de productos de cuero",629667,14,2025/04,1201
"Curtido y acabado de cuero y piel, y fabricación de productos de cuero",629667,14,2026/01,2007
"Curtido y acabado de cuero y piel, y fabricación de productos de cuero",629667,30,2025/01,5794
"Curtido y acabado de cuero y piel, y fabricación de productos de cuero",629667,30,2025/02,4628
"Curtido y acabado de cuero y piel, y fabricación de productos de cuero",629667,30,2025/03,5813
"Curtido y acabado de cuero y piel, y fabricación de productos de cuero",629667,30,2025/04,5507
"Curtido y acabado de cuero y piel, y fabricación de productos de cuero",629667,30,2026/01,5378
"Curtido y acabado de cuero y piel, y fabricación de productos de cuero",629667,31,2025/01,778
"Curtido y acabado de cuero y piel, y fabricación de productos de cuero",629667,31,2025/02,690
"Curtido y acabado de cuero y piel, y fabricación de productos de cuero",629667,31,2025/03,659
"Curtido y acabado de cuero y piel, y fabricación de productos de cuero",629667,31,2025/04,715
"Curtido y acabado de cuero y piel, y fabricación de productos de cuero",629667,31,2026/01,993
Industria de la madera,629668,02,2025/01,31112
Industria de la madera,629668,02,2025/02,36942
Industria de la madera,629668,02,2025/03,35126
Industria de la madera,629668,02,2025/04,34912
Industria de la madera,629668,02,2026/01,38787
Industria de la madera,629668,10,2025/01,33311
Industria de la madera,629668,10,2025/02,29815
Industria de la madera,629668,10,2025/03,24977
Industria de la madera,629668,10,2025/04,27049
Industria de la madera,629668,10,2026/01,26814
Industria de la madera,629668,08,2025/01,8386
Industria de la madera,629668,08,2025/02,12066
Industria de la madera,629668,08,2025/03,13973
Industria de la madera,629668,08,2025/04,10363
Industria de la madera,629668,08,2026/01,23945
Industria de la madera,629668,19,2025/01,24868
Industria de la madera,629668,19,2025/02,27725
Industria de la madera,629668,19,2025/03,27934
Industria de la madera,629668,19,2025/04,26946
Industria de la madera,629668,19,2026/01,28005
Industria de la madera,629668,26,2025/01,510
Industria de la madera,629668,26,2025/02,1069
Industria de la madera,629668,26,2025/03,544
Industria de la madera,629668,26,2025/04,393
Industria de la madera,629668,26,2026/01,207
Industria del papel,629669,02,2025/01,78748
Industria del papel,629669,02,2025/02,201761
Industria del papel,629669,02,2025/03,170104
Industria del papel,629669,02,2025/04,94523
Industria del papel,629669,02,2026/01,81948
Industria del papel,629669,08,2025/01,15859
Industria del papel,629669,08,2025/02,21573
Industria del papel,629669,08,2025/03,26173
Industria del papel,629669,08,2025/04,26821
Industria del papel,629669,08,2026/01,23379
Industria del papel,629669,09,2025/01,5105
Industria del papel,629669,09,2025/02,4543
Industria del papel,629669,09,2025/03,5796
Industria del papel,629669,09,2025/04,5885
Industria del papel,629669,09,2026/01,3871
Industria del papel,629669,05,2025/01,7701
Industria del papel,629669,05,2025/02,10887
Industria del papel,629669,05,2025/03,11790
Industria del papel,629669,05,2025/04,11485
Industria del papel,629669,05,2026/01,10451
Industria del papel,629669,16,2025/01,7861
Industria del papel,629669,16,2025/02,9188
Industria del papel,629669,16,2025/03,8919
Industria del papel,629669,16,2025/04,7678
Industria del papel,629669,16,2026/01,8865
Industria del papel,629669,14,2025/01,19030
Industria del papel,629669,14,2025/02,21721
Industria del papel,629669,14,2025/03,23734
Industria del papel,629669,14,2025/04,21348
Industria del papel,629669,14,2026/01,21400
Industria del papel,629669,13,2025/01,15480
Industria del papel,629669,13,2025/02,19016
Industria del papel,629669,13,2025/03,18359
Industria del papel,629669,13,2025/04,18084
Industria del papel,629669,13,2026/01,19573
Industria del papel,629669,15,2025/01,49390
Industria del papel,629669,15,2025/02,53618
Industria del papel,629669,15,2025/03,55160
Industria del papel,629669,15,2025/04,53121
Industria del papel,629669,15,2026/01,55251
Industria del papel,629669,19,2025/01,89609
Industria del papel,629669,19,2025/02,85961
Industria del papel,629669,19,2025/03,83672
Industria del papel,629669,19,2025/04,79209
Industria del papel,629669,19,2026/01,82377
Industria del papel,629669,21,2025/01,17253
Industria del papel,629669,21,2025/02,19473
Industria del papel,629669,21,2025/03,20742
Industria del papel,629669,21,2025/04,16897
Industria del papel,629669,21,2026/01,17292
Industria del papel,629669,25,2025/01,1697
Industria del papel,629669,25,2025/02,2974
Industria del papel,629669,25,2025/03,1201
Industria del papel,629669,25,2025/04,1492
Industria del papel,629669,25,2026/01,2180
Industria del papel,629669,22,2025/01,79700
Industria del papel,629669,22,2025/02,104559
Industria del papel,629669,22,2025/03,102037
Industria del papel,629669,22,2025/04,91130
Industria del papel,629669,22,2026/01,106059
Industria del papel,629669,26,2025/01,36138
Industria del papel,629669,26,2025/02,34357
Industria del papel,629669,26,2025/03,33070
Industria del papel,629669,26,2025/04,31285
Industria del papel,629669,26,2026/01,34398
Industria del papel,629669,28,2025/01,36299
Industria del papel,629669,28,2025/02,40220
Industria del papel,629669,28,2025/03,38704
Industria del papel,629669,28,2025/04,39431
Industria del papel,629669,28,2026/01,33630
Impresión e industrias conexas,629670,02,2025/01,72315
Impresión e industrias conexas,629670,02,2025/02,91191
Impresión e industrias conexas,629670,02,2025/03,105878
Impresión e industrias conexas,629670,02,2025/04,91768
Impresión e industrias conexas,629670,02,2026/01,66715
Industria del papel,629669,30,2025/01,3436
Industria del papel,629669,30,2025/02,4361
Industria del papel,629669,30,2025/03,3639
Industria del papel,629669,30,2025/04,3534
Industria del papel,629669,30,2026/01,3817
Impresión e industrias conexas,629670,09,2025/01,50670
Impresión e industrias conexas,629670,09,2025/02,58925
Impresión e industrias conexas,629670,09,2025/03,45638
Impresión e industrias conexas,629670,09,2025/04,36120
Impresión e industrias conexas,629670,09,2026/01,31408
Impresión e industrias conexas,629670,08,2025/01,2633
Impresión e industrias conexas,629670,08,2025/02,2246
Impresión e industrias conexas,629670,08,2025/03,2461
Impresión e industrias conexas,629670,08,2025/04,2363
Impresión e industrias conexas,629670,08,2026/01,5772
Impresión e industrias conexas,629670,11,2025/01,32793
Impresión e industrias conexas,629670,11,2025/02,35578
Impresión e industrias conexas,629670,11,2025/03,38829
Impresión e industrias conexas,629670,11,2025/04,33466
Impresión e industrias conexas,629670,11,2026/01,33808
Impresión e industrias conexas,629670,14,2025/01,4898
Impresión e industrias conexas,629670,14,2025/02,5508
Impresión e industrias conexas,629670,14,2025/03,5733
Impresión e industrias conexas,629670,14,2025/04,6675
Impresión e industrias conexas,629670,14,2026/01,6058
Impresión e industrias conexas,629670,22,2025/01,4989
Impresión e industrias conexas,629670,22,2025/02,4112
Impresión e industrias conexas,629670,22,2025/03,4879
Impresión e industrias conexas,629670,22,2025/04,5360
Impresión e industrias conexas,629670,22,2026/01,5326
Impresión e industrias conexas,629670,19,2025/01,6415
Impresión e industrias conexas,629670,19,2025/02,7845
Impresión e industrias conexas,629670,19,2025/03,11007
Impresión e industrias conexas,629670,19,2025/04,8296
Impresión e industrias conexas,629670,19,2026/01,6543
Impresión e industrias conexas,629670,26,2025/01,14573
Impresión e industrias conexas,629670,26,2025/02,17627
Impresión e industrias conexas,629670,26,2025/03,17644
Impresión e industrias conexas,629670,26,2025/04,14678
Impresión e industrias conexas,629670,26,2026/01,10379
Impresión e industrias conexas,629670,28,2025/01,42484
Impresión e industrias conexas,629670,28,2025/02,53483
Impresión e industrias conexas,629670,28,2025/03,57664
Impresión e industrias conexas,629670,28,2025/04,60442
Impresión e industrias conexas,629670,28,2026/01,50768
Impresión e industrias conexas,629670,15,2025/01,14842
Impresión e industrias conexas,629670,15,2025/02,12616
Impresión e industrias conexas,629670,15,2025/03,8845
Impresión e industrias conexas,629670,15,2025/04,6292
Impresión e industrias conexas,629670,15,2026/01,13019
Fabricación de productos derivados del petróleo y del carbón,629671,14,2025/01,2651
Fabricación de productos derivados del petróleo y del carbón,629671,14,2025/02,3090
Fabricación de productos derivados del petróleo y del carbón,629671,14,2025/03,3469
Fabricación de productos derivados del petróleo y del carbón,629671,14,2025/04,3320
Fabricación de productos derivados del petróleo y del carbón,629671,14,2026/01,2645
Fabricación de productos derivados del petróleo y del carbón,629671,13,2025/01,201510
Fabricación de productos derivados del petróleo y del carbón,629671,13,2025/02,264581
Fabricación de productos derivados del petróleo y del carbón,629671,13,2025/03,216823
Fabricación de productos derivados del petróleo y del carbón,629671,13,2025/04,291321
Fabricación de productos derivados del petróleo y del carbón,629671,13,2026/01,229803
Fabricación de productos derivados del petróleo y del carbón,629671,15,2025/01,12129
Fabricación de productos derivados del petróleo y del carbón,629671,15,2025/02,13127
Fabricación de productos derivados del petróleo y del carbón,629671,15,2025/03,10520
Fabricación de productos derivados del petróleo y del carbón,629671,15,2025/04,12003
Fabricación de productos derivados del petróleo y del carbón,629671,15,2026/01,12269
Fabricación de productos derivados del petróleo y del carbón,629671,19,2025/01,117682
Fabricación de productos derivados del petróleo y del carbón,629671,19,2025/02,146485
Fabricación de productos derivados del petróleo y del carbón,629671,19,2025/03,100152
Fabricación de productos derivados del petróleo y del carbón,629671,19,2025/04,149883
Fabricación de productos derivados del petróleo y del carbón,629671,19,2026/01,101638
Industria química,629672,01,2025/01,5527
Industria química,629672,01,2025/02,5110
Industria química,629672,01,2025/03,5041
Industria química,629672,01,2025/04,5390
Industria química,629672,01,2026/01,5930
Industria química,629672,02,2025/01,129993
Industria química,629672,02,2025/02,140613
Industria química,629672,02,2025/03,132617
Industria química,629672,02,2025/04,154443
Industria química,629672,02,2026/01,139368
Industria química,629672,05,2025/01,23298
Industria química,629672,05,2025/02,16564
Industria química,629672,05,2025/03,20513
Industria química,629672,05,2025/04,21376
Industria química,629672,05,2026/01,16358
Industria química,629672,08,2025/01,104176
Industria química,629672,08,2025/02,113878
Industria química,629672,08,2025/03,127959
Industria química,629672,08,2025/04,148826
Industria química,629672,08,2026/01,142803
Industria química,629672,09,2025/01,389363
Industria química,629672,09,2025/02,419951
Industria química,629672,09,2025/03,466084
Industria química,629672,09,2025/04,527682
Industria química,629672,09,2026/01,433296
Industria química,629672,11,2025/01,158805
Industria química,629672,11,2025/02,191884
Industria química,629672,11,2025/03,193304
Industria química,629672,11,2025/04,171330
Industria química,629672,11,2026/01,187662
Industria química,629672,13,2025/01,21539
Industria química,629672,13,2025/02,24357
Industria química,629672,13,2025/03,20181
Industria química,629672,13,2025/04,18626
Industria química,629672,13,2026/01,13952
Industria química,629672,14,2025/01,243704
Industria química,629672,14,2025/02,245350
Industria química,629672,14,2025/03,247726
Industria química,629672,14,2025/04,249968
Industria química,629672,14,2026/01,247288
Industria química,629672,15,2025/01,450181
Industria química,629672,15,2025/02,496635
Industria química,629672,15,2025/03,470501
Industria química,629672,15,2025/04,468808
Industria química,629672,15,2026/01,402371
Industria química,629672,16,2025/01,80522
Industria química,629672,16,2025/02,22392
Industria química,629672,16,2025/03,74863
Industria química,629672,16,2025/04,85480
Industria química,629672,16,2026/01,65731
Industria química,629672,17,2025/01,111294
Industria química,629672,17,2025/02,106629
Industria química,629672,17,2025/03,95520
Industria química,629672,17,2025/04,90351
Industria química,629672,17,2026/01,76943
Industria química,629672,19,2025/01,154363
Industria química,629672,19,2025/02,170557
Industria química,629672,19,2025/03,145895
Industria química,629672,19,2025/04,159410
Industria química,629672,19,2026/01,154448
Industria química,629672,21,2025/01,57930
Industria química,629672,21,2025/02,57441
Industria química,629672,21,2025/03,58338
Industria química,629672,21,2025/04,52427
Industria química,629672,21,2026/01,51917
Industria química,629672,22,2025/01,96508
Industria química,629672,22,2025/02,97935
Industria química,629672,22,2025/03,97910
Industria química,629672,22,2025/04,94488
Industria química,629672,22,2026/01,95408
Industria química,629672,24,2025/01,49268
Industria química,629672,24,2025/02,57455
Industria química,629672,24,2025/03,57917
Industria química,629672,24,2025/04,59893
Industria química,629672,24,2026/01,57492
Industria química,629672,26,2025/01,279593
Industria química,629672,26,2025/02,292462
Industria química,629672,26,2025/03,357242
Industria química,629672,26,2025/04,336524
Industria química,629672,26,2026/01,328776
Industria química,629672,27,2025/01,126594
Industria química,629672,27,2025/02,107080
Industria química,629672,27,2025/03,113780
Industria química,629672,27,2025/04,117713
Industria química,629672,27,2026/01,93903
Industria química,629672,28,2025/01,520268
Industria química,629672,28,2025/02,518651
Industria química,629672,28,2025/03,495795
Industria química,629672,28,2025/04,456715
Industria química,629672,28,2026/01,445258
Industria química,629672,29,2025/01,31915
Industria química,629672,29,2025/02,32621
Industria química,629672,29,2025/03,24601
Industria química,629672,29,2025/04,23899
Industria química,629672,29,2026/01,23111
Industria química,629672,30,2025/01,308178
Industria química,629672,30,2025/02,300389
Industria química,629672,30,2025/03,264339
Industria química,629672,30,2025/04,277516
Industria química,629672,30,2026/01,282613
Industria del plástico y del hule,629673,02,2025/01,322430
Industria del plástico y del hule,629673,02,2025/02,355352
Industria del plástico y del hule,629673,02,2025/03,437258
Industria del plástico y del hule,629673,02,2025/04,607900
Industria del plástico y del hule,629673,02,2026/01,478652
Industria del plástico y del hule,629673,01,2025/01,16902
Industria del plástico y del hule,629673,01,2025/02,16420
Industria del plástico y del hule,629673,01,2025/03,15368
Industria del plástico y del hule,629673,01,2025/04,13293
Industria del plástico y del hule,629673,01,2026/01,20058
Industria del plástico y del hule,629673,05,2025/01,260148
Industria del plástico y del hule,629673,05,2025/02,281735
Industria del plástico y del hule,629673,05,2025/03,350201
Industria del plástico y del hule,629673,05,2025/04,359825
Industria del plástico y del hule,629673,05,2026/01,284555
Industria del plástico y del hule,629673,08,2025/01,210760
Industria del plástico y del hule,629673,08,2025/02,229660
Industria del plástico y del hule,629673,08,2025/03,268571
Industria del plástico y del hule,629673,08,2025/04,254515
Industria del plástico y del hule,629673,08,2026/01,209809
Industria del plástico y del hule,629673,09,2025/01,24573
Industria del plástico y del hule,629673,09,2025/02,22836
Industria del plástico y del hule,629673,09,2025/03,20213
Industria del plástico y del hule,629673,09,2025/04,17669
Industria del plástico y del hule,629673,09,2026/01,20346
Industria del plástico y del hule,629673,10,2025/01,21429
Industria del plástico y del hule,629673,10,2025/02,26502
Industria del plástico y del hule,629673,10,2025/03,26120
Industria del plástico y del hule,629673,10,2025/04,23919
Industria del plástico y del hule,629673,10,2026/01,22776
Industria del plástico y del hule,629673,11,2025/01,466011
Industria del plástico y del hule,629673,11,2025/02,466365
Industria del plástico y del hule,629673,11,2025/03,507999
Industria del plástico y del hule,629673,11,2025/04,485602
Industria del plástico y del hule,629673,11,2026/01,454863
Industria del plástico y del hule,629673,13,2025/01,15779
Industria del plástico y del hule,629673,13,2025/02,9559
Industria del plástico y del hule,629673,13,2025/03,12595
Industria del plástico y del hule,629673,13,2025/04,12786
Industria del plástico y del hule,629673,13,2026/01,11334
Industria del plástico y del hule,629673,14,2025/01,498818
Industria del plástico y del hule,629673,14,2025/02,631416
Industria del plástico y del hule,629673,14,2025/03,636804
Industria del plástico y del hule,629673,14,2025/04,657663
Industria del plástico y del hule,629673,14,2026/01,505782
Industria del plástico y del hule,629673,15,2025/01,234940
Industria del plástico y del hule,629673,15,2025/02,245486
Industria del plástico y del hule,629673,15,2025/03,255717
Industria del plástico y del hule,629673,15,2025/04,266573
Industria del plástico y del hule,629673,15,2026/01,270377
Industria del plástico y del hule,629673,16,2025/01,15177
Industria del plástico y del hule,629673,16,2025/02,16606
Industria del plástico y del hule,629673,16,2025/03,19167
Industria del plástico y del hule,629673,16,2025/04,19545
Industria del plástico y del hule,629673,16,2026/01,18304
Industria del plástico y del hule,629673,17,2025/01,48386
Industria del plástico y del hule,629673,17,2025/02,35815
Industria del plástico y del hule,629673,17,2025/03,41661
Industria del plástico y del hule,629673,17,2025/04,44157
Industria del plástico y del hule,629673,17,2026/01,48089
Industria del plástico y del hule,629673,19,2025/01,352798
Industria del plástico y del hule,629673,19,2025/02,376167
Industria del plástico y del hule,629673,19,2025/03,391305
Industria del plástico y del hule,629673,19,2025/04,369027
Industria del plástico y del hule,629673,19,2026/01,332053
Industria del plástico y del hule,629673,22,2025/01,281719
Industria del plástico y del hule,629673,22,2025/02,296391
Industria del plástico y del hule,629673,22,2025/03,315407
Industria del plástico y del hule,629673,22,2025/04,293688
Industria del plástico y del hule,629673,22,2026/01,314277
Industria del plástico y del hule,629673,21,2025/01,129862
Industria del plástico y del hule,629673,21,2025/02,134820
Industria del plástico y del hule,629673,21,2025/03,140600
Industria del plástico y del hule,629673,21,2025/04,147292
Industria del plástico y del hule,629673,21,2026/01,134408
Industria del plástico y del hule,629673,24,2025/01,246563
Industria del plástico y del hule,629673,24,2025/02,245669
Industria del plástico y del hule,629673,24,2025/03,236086
Industria del plástico y del hule,629673,24,2025/04,238913
Industria del plástico y del hule,629673,24,2026/01,224848
Industria del plástico y del hule,629673,26,2025/01,70821
Industria del plástico y del hule,629673,26,2025/02,63483
Industria del plástico y del hule,629673,26,2025/03,66151
Industria del plástico y del hule,629673,26,2025/04,62268
Industria del plástico y del hule,629673,26,2026/01,68413
Industria del plástico y del hule,629673,25,2025/01,6404
Industria del plástico y del hule,629673,25,2025/02,5757
Industria del plástico y del hule,629673,25,2025/03,6730
Industria del plástico y del hule,629673,25,2025/04,5016
Industria del plástico y del hule,629673,25,2026/01,6115
Industria del plástico y del hule,629673,27,2025/01,229
Industria del plástico y del hule,629673,27,2025/02,275
Industria del plástico y del hule,629673,27,2025/03,260
Industria del plástico y del hule,629673,27,2025/04,225
Industria del plástico y del hule,629673,27,2026/01,190
Industria del plástico y del hule,629673,28,2025/01,350007
Industria del plástico y del hule,629673,28,2025/02,372746
Industria del plástico y del hule,629673,28,2025/03,371123
Industria del plástico y del hule,629673,28,2025/04,379698
Industria del plástico y del hule,629673,28,2026/01,325420
Industria del plástico y del hule,629673,30,2025/01,28426
Industria del plástico y del hule,629673,30,2025/02,33158
Industria del plástico y del hule,629673,30,2025/03,35033
Industria del plástico y del hule,629673,30,2025/04,35852
Industria del plástico y del hule,629673,30,2026/01,32612
Industria del plástico y del hule,629673,29,2025/01,29289
Industria del plástico y del hule,629673,29,2025/02,26336
Industria del plástico y del hule,629673,29,2025/03,27300
Industria del plástico y del hule,629673,29,2025/04,24829
Industria del plástico y del hule,629673,29,2026/01,28606
Industria del plástico y del hule,629673,31,2025/01,7088
Industria del plástico y del hule,629673,31,2025/02,4791
Industria del plástico y del hule,629673,31,2025/03,3945
Industria del plástico y del hule,629673,31,2025/04,6222
Industria del plástico y del hule,629673,31,2026/01,3945
Fabricación de productos a base de minerales no metálicos,629674,02,2025/01,112217
Fabricación de productos a base de minerales no metálicos,629674,02,2025/02,125675
Fabricación de productos a base de minerales no metálicos,629674,02,2025/03,130242
Fabricación de productos a base de minerales no metálicos,629674,02,2025/04,109712
Fabricación de productos a base de minerales no metálicos,629674,02,2026/01,105928
Fabricación de productos a base de minerales no metálicos,629674,05,2025/01,19025
Fabricación de productos a base de minerales no metálicos,629674,05,2025/02,21897
Fabricación de productos a base de minerales no metálicos,629674,05,2025/03,20381
Fabricación de productos a base de minerales no metálicos,629674,05,2025/04,23510
Fabricación de productos a base de minerales no metálicos,629674,05,2026/01,22377
Fabricación de productos a base de minerales no metálicos,629674,08,2025/01,230435
Fabricación de productos a base de minerales no metálicos,629674,08,2025/02,202747
Fabricación de productos a base de minerales no metálicos,629674,08,2025/03,993916
Fabricación de productos a base de minerales no metálicos,629674,08,2025/04,155555
Fabricación de productos a base de minerales no metálicos,629674,08,2026/01,197803
Fabricación de productos a base de minerales no metálicos,629674,09,2025/01,5326
Fabricación de productos a base de minerales no metálicos,629674,09,2025/02,5702
Fabricación de productos a base de minerales no metálicos,629674,09,2025/03,5691
Fabricación de productos a base de minerales no metálicos,629674,09,2025/04,5764
Fabricación de productos a base de minerales no metálicos,629674,09,2026/01,6024
Fabricación de productos a base de minerales no metálicos,629674,10,2025/01,2234
Fabricación de productos a base de minerales no metálicos,629674,10,2025/02,2179
Fabricación de productos a base de minerales no metálicos,629674,10,2025/03,2717
Fabricación de productos a base de minerales no metálicos,629674,10,2025/04,2217
Fabricación de productos a base de minerales no metálicos,629674,10,2026/01,1933
Fabricación de productos a base de minerales no metálicos,629674,11,2025/01,7922
Fabricación de productos a base de minerales no metálicos,629674,11,2025/02,7643
Fabricación de productos a base de minerales no metálicos,629674,11,2025/03,6935
Fabricación de productos a base de minerales no metálicos,629674,11,2025/04,6909
Fabricación de productos a base de minerales no metálicos,629674,11,2026/01,8103
Fabricación de productos a base de minerales no metálicos,629674,14,2025/01,22936
Fabricación de productos a base de minerales no metálicos,629674,14,2025/02,28479
Fabricación de productos a base de minerales no metálicos,629674,14,2025/03,24155
Fabricación de productos a base de minerales no metálicos,629674,14,2025/04,21013
Fabricación de productos a base de minerales no metálicos,629674,14,2026/01,24785
Fabricación de productos a base de minerales no metálicos,629674,13,2025/01,5408
Fabricación de productos a base de minerales no metálicos,629674,13,2025/02,4444
Fabricación de productos a base de minerales no metálicos,629674,13,2025/03,6137
Fabricación de productos a base de minerales no metálicos,629674,13,2025/04,4886
Fabricación de productos a base de minerales no metálicos,629674,13,2026/01,4883
Fabricación de productos a base de minerales no metálicos,629674,15,2025/01,49848
Fabricación de productos a base de minerales no metálicos,629674,15,2025/02,54818
Fabricación de productos a base de minerales no metálicos,629674,15,2025/03,56664
Fabricación de productos a base de minerales no metálicos,629674,15,2025/04,55141
Fabricación de productos a base de minerales no metálicos,629674,15,2026/01,54096
Fabricación de productos a base de minerales no metálicos,629674,17,2025/01,81522
Fabricación de productos a base de minerales no metálicos,629674,17,2025/02,92467
Fabricación de productos a base de minerales no metálicos,629674,17,2025/03,102839
Fabricación de productos a base de minerales no metálicos,629674,17,2025/04,96403
Fabricación de productos a base de minerales no metálicos,629674,17,2026/01,79440
Fabricación de productos a base de minerales no metálicos,629674,19,2025/01,265538
Fabricación de productos a base de minerales no metálicos,629674,19,2025/02,278097
Fabricación de productos a base de minerales no metálicos,629674,19,2025/03,290555
Fabricación de productos a base de minerales no metálicos,629674,19,2025/04,273099
Fabricación de productos a base de minerales no metálicos,629674,19,2026/01,292684
Fabricación de productos a base de minerales no metálicos,629674,22,2025/01,48732
Fabricación de productos a base de minerales no metálicos,629674,22,2025/02,49268
Fabricación de productos a base de minerales no metálicos,629674,22,2025/03,39669
Fabricación de productos a base de minerales no metálicos,629674,22,2025/04,41003
Fabricación de productos a base de minerales no metálicos,629674,22,2026/01,46069
Fabricación de productos a base de minerales no metálicos,629674,21,2025/01,4870
Fabricación de productos a base de minerales no metálicos,629674,21,2025/02,3466
Fabricación de productos a base de minerales no metálicos,629674,21,2025/03,6357
Fabricación de productos a base de minerales no metálicos,629674,21,2025/04,2806
Fabricación de productos a base de minerales no metálicos,629674,21,2026/01,6452
Fabricación de productos a base de minerales no metálicos,629674,24,2025/01,5245
Fabricación de productos a base de minerales no metálicos,629674,24,2025/02,5854
Fabricación de productos a base de minerales no metálicos,629674,24,2025/03,6804
Fabricación de productos a base de minerales no metálicos,629674,24,2025/04,6281
Fabricación de productos a base de minerales no metálicos,629674,24,2026/01,5633
Fabricación de productos a base de minerales no metálicos,629674,26,2025/01,425
Fabricación de productos a base de minerales no metálicos,629674,26,2025/02,521
Fabricación de productos a base de minerales no metálicos,629674,26,2025/03,1393
Fabricación de productos a base de minerales no metálicos,629674,26,2025/04,592
Fabricación de productos a base de minerales no metálicos,629674,26,2026/01,1322
Fabricación de productos a base de minerales no metálicos,629674,28,2025/01,75177
Fabricación de productos a base de minerales no metálicos,629674,28,2025/02,77624
Fabricación de productos a base de minerales no metálicos,629674,28,2025/03,80397
Fabricación de productos a base de minerales no metálicos,629674,28,2025/04,75145
Fabricación de productos a base de minerales no metálicos,629674,28,2026/01,76452
Fabricación de productos a base de minerales no metálicos,629674,29,2025/01,125664
Fabricación de productos a base de minerales no metálicos,629674,29,2025/02,173195
Fabricación de productos a base de minerales no metálicos,629674,29,2025/03,123069
Fabricación de productos a base de minerales no metálicos,629674,29,2025/04,130499
Fabricación de productos a base de minerales no metálicos,629674,29,2026/01,122449
Fabricación de productos a base de minerales no metálicos,629674,30,2025/01,17392
Fabricación de productos a base de minerales no metálicos,629674,30,2025/02,25638
Fabricación de productos a base de minerales no metálicos,629674,30,2025/03,23317
Fabricación de productos a base de minerales no metálicos,629674,30,2025/04,18081
Fabricación de productos a base de minerales no metálicos,629674,30,2026/01,12497
Fabricación de productos a base de minerales no metálicos,629674,32,2025/01,832
Fabricación de productos a base de minerales no metálicos,629674,32,2025/02,690
Fabricación de productos a base de minerales no metálicos,629674,32,2025/03,587
Fabricación de productos a base de minerales no metálicos,629674,32,2025/04,583
Fabricación de productos a base de minerales no metálicos,629674,32,2026/01,655
Fabricación de productos a base de minerales no metálicos,629674,31,2025/01,5898
Fabricación de productos a base de minerales no metálicos,629674,31,2025/02,4645
Fabricación de productos a base de minerales no metálicos,629674,31,2025/03,7411
Fabricación de productos a base de minerales no metálicos,629674,31,2025/04,7064
Fabricación de productos a base de minerales no metálicos,629674,31,2026/01,5281
Industrias metálicas básicas,629675,02,2025/01,80834
Industrias metálicas básicas,629675,02,2025/02,89371
Industrias metálicas básicas,629675,02,2025/03,73569
Industrias metálicas básicas,629675,02,2025/04,81943
Industrias metálicas básicas,629675,02,2026/01,70322
Industrias metálicas básicas,629675,05,2025/01,1427199
Industrias metálicas básicas,629675,05,2025/02,1562267
Industrias metálicas básicas,629675,05,2025/03,1578835
Industrias metálicas básicas,629675,05,2025/04,1802983
Industrias metálicas básicas,629675,05,2026/01,2337592
Industrias metálicas básicas,629675,08,2025/01,85576
Industrias metálicas básicas,629675,08,2025/02,87374
Industrias metálicas básicas,629675,08,2025/03,83011
Industrias metálicas básicas,629675,08,2025/04,83595
Industrias metálicas básicas,629675,08,2026/01,75198
Industrias metálicas básicas,629675,10,2025/01,22099
Industrias metálicas básicas,629675,10,2025/02,26209
Industrias metálicas básicas,629675,10,2025/03,26198
Industrias metálicas básicas,629675,10,2025/04,31550
Industrias metálicas básicas,629675,10,2026/01,28908
Industrias metálicas básicas,629675,09,2025/01,7908
Industrias metálicas básicas,629675,09,2025/02,6852
Industrias metálicas básicas,629675,09,2025/03,8381
Industrias metálicas básicas,629675,09,2025/04,6076
Industrias metálicas básicas,629675,09,2026/01,2369
Industrias metálicas básicas,629675,11,2025/01,184676
Industrias metálicas básicas,629675,11,2025/02,151424
Industrias metálicas básicas,629675,11,2025/03,148483
Industrias metálicas básicas,629675,11,2025/04,152137
Industrias metálicas básicas,629675,11,2026/01,148895
Industrias metálicas básicas,629675,13,2025/01,31635
Industrias metálicas básicas,629675,13,2025/02,29315
Industrias metálicas básicas,629675,13,2025/03,24838
Industrias metálicas básicas,629675,13,2025/04,27522
Industrias metálicas básicas,629675,13,2026/01,25227
Industrias metálicas básicas,629675,14,2025/01,102808
Industrias metálicas básicas,629675,14,2025/02,102371
Industrias metálicas básicas,629675,14,2025/03,119388
Industrias metálicas básicas,629675,14,2025/04,121127
Industrias metálicas básicas,629675,14,2026/01,117424
Industrias metálicas básicas,629675,15,2025/01,82892
Industrias metálicas básicas,629675,15,2025/02,87383
Industrias metálicas básicas,629675,15,2025/03,81813
Industrias metálicas básicas,629675,15,2025/04,71119
Industrias metálicas básicas,629675,15,2026/01,75261
Industrias metálicas básicas,629675,19,2025/01,657792
Industrias metálicas básicas,629675,19,2025/02,542468
Industrias metálicas básicas,629675,19,2025/03,543369
Industrias metálicas básicas,629675,19,2025/04,531350
Industrias metálicas básicas,629675,19,2026/01,576960
Industrias metálicas básicas,629675,21,2025/01,23697
Industrias metálicas básicas,629675,21,2025/02,14594
Industrias metálicas básicas,629675,21,2025/03,17321
Industrias metálicas básicas,629675,21,2025/04,11039
Industrias metálicas básicas,629675,21,2026/01,14497
Industrias metálicas básicas,629675,22,2025/01,4494
Industrias metálicas básicas,629675,22,2025/02,5811
Industrias metálicas básicas,629675,22,2025/03,5528
Industrias metálicas básicas,629675,22,2025/04,4215
Industrias metálicas básicas,629675,22,2026/01,4922
Industrias metálicas básicas,629675,26,2025/01,261069
Industrias metálicas básicas,629675,26,2025/02,147284
Industrias metálicas básicas,629675,26,2025/03,172889
Industrias metálicas básicas,629675,26,2025/04,345166
Industrias metálicas básicas,629675,26,2026/01,354496
Industrias metálicas básicas,629675,24,2025/01,127989
Industrias metálicas básicas,629675,24,2025/02,134118
Industrias metálicas básicas,629675,24,2025/03,133388
Industrias metálicas básicas,629675,24,2025/04,192812
Industrias metálicas básicas,629675,24,2026/01,220042
Industrias metálicas básicas,629675,28,2025/01,25003
Industrias metálicas básicas,629675,28,2025/02,53700
Industrias metálicas básicas,629675,28,2025/03,45760
Industrias metálicas básicas,629675,28,2025/04,38931
Industrias metálicas básicas,629675,28,2026/01,57645
Industrias metálicas básicas,629675,29,2025/01,6676
Industrias metálicas básicas,629675,29,2025/02,3603
Industrias metálicas básicas,629675,29,2025/03,4023
Industrias metálicas básicas,629675,29,2025/04,2435
Industrias metálicas básicas,629675,29,2026/01,2159
Industrias metálicas básicas,629675,30,2025/01,479102
Industrias metálicas básicas,629675,30,2025/02,325675
Industrias metálicas básicas,629675,30,2025/03,410255
Industrias metálicas básicas,629675,30,2025/04,384190
Industrias metálicas básicas,629675,30,2026/01,376867
Fabricación de productos metálicos,629676,01,2025/01,12421
Fabricación de productos metálicos,629676,01,2025/02,13686
Fabricación de productos metálicos,629676,01,2025/03,14470
Fabricación de productos metálicos,629676,01,2025/04,14573
Fabricación de productos metálicos,629676,01,2026/01,14205
Fabricación de productos metálicos,629676,02,2025/01,729393
Fabricación de productos metálicos,629676,02,2025/02,811385
Fabricación de productos metálicos,629676,02,2025/03,780240
Fabricación de productos metálicos,629676,02,2025/04,816781
Fabricación de productos metálicos,629676,02,2026/01,732972
Fabricación de productos metálicos,629676,05,2025/01,471910
Fabricación de productos metálicos,629676,05,2025/02,572211
Fabricación de productos metálicos,629676,05,2025/03,563360
Fabricación de productos metálicos,629676,05,2025/04,464825
Fabricación de productos metálicos,629676,05,2026/01,388220
Fabricación de productos metálicos,629676,09,2025/01,25284
Fabricación de productos metálicos,629676,09,2025/02,26102
Fabricación de productos metálicos,629676,09,2025/03,24501
Fabricación de productos metálicos,629676,09,2025/04,24283
Fabricación de productos metálicos,629676,09,2026/01,24746
Fabricación de productos metálicos,629676,08,2025/01,299945
Fabricación de productos metálicos,629676,08,2025/02,319235
Fabricación de productos metálicos,629676,08,2025/03,1008035
Fabricación de productos metálicos,629676,08,2025/04,298331
Fabricación de productos metálicos,629676,08,2026/01,279366
Fabricación de productos metálicos,629676,10,2025/01,13566
Fabricación de productos metálicos,629676,10,2025/02,14597
Fabricación de productos metálicos,629676,10,2025/03,10221
Fabricación de productos metálicos,629676,10,2025/04,13036
Fabricación de productos metálicos,629676,10,2026/01,12240
Fabricación de productos metálicos,629676,11,2025/01,181073
Fabricación de productos metálicos,629676,11,2025/02,185409
Fabricación de productos metálicos,629676,11,2025/03,204808
Fabricación de productos metálicos,629676,11,2025/04,182306
Fabricación de productos metálicos,629676,11,2026/01,210292
Fabricación de productos metálicos,629676,14,2025/01,117621
Fabricación de productos metálicos,629676,14,2025/02,111849
Fabricación de productos metálicos,629676,14,2025/03,112351
Fabricación de productos metálicos,629676,14,2025/04,137690
Fabricación de productos metálicos,629676,14,2026/01,125067
Fabricación de productos metálicos,629676,16,2025/01,4383
Fabricación de productos metálicos,629676,16,2025/02,2823
Fabricación de productos metálicos,629676,16,2025/03,2718
Fabricación de productos metálicos,629676,16,2025/04,3621
Fabricación de productos metálicos,629676,16,2026/01,3422
Fabricación de productos metálicos,629676,15,2025/01,249104
Fabricación de productos metálicos,629676,15,2025/02,259074
Fabricación de productos metálicos,629676,15,2025/03,247561
Fabricación de productos metálicos,629676,15,2025/04,249905
Fabricación de productos metálicos,629676,15,2026/01,290321
Fabricación de productos metálicos,629676,19,2025/01,508384
Fabricación de productos metálicos,629676,19,2025/02,508527
Fabricación de productos metálicos,629676,19,2025/03,496474
Fabricación de productos metálicos,629676,19,2025/04,525933
Fabricación de productos metálicos,629676,19,2026/01,453123
Fabricación de productos metálicos,629676,21,2025/01,88155
Fabricación de productos metálicos,629676,21,2025/02,98661
Fabricación de productos metálicos,629676,21,2025/03,100955
Fabricación de productos metálicos,629676,21,2025/04,98479
Fabricación de productos metálicos,629676,21,2026/01,84865
Fabricación de productos metálicos,629676,22,2025/01,210279
Fabricación de productos metálicos,629676,22,2025/02,194399
Fabricación de productos metálicos,629676,22,2025/03,195458
Fabricación de productos metálicos,629676,22,2025/04,218514
Fabricación de productos metálicos,629676,22,2026/01,266611
Fabricación de productos metálicos,629676,24,2025/01,34881
Fabricación de productos metálicos,629676,24,2025/02,39517
Fabricación de productos metálicos,629676,24,2025/03,36505
Fabricación de productos metálicos,629676,24,2025/04,41294
Fabricación de productos metálicos,629676,24,2026/01,37201
Fabricación de productos metálicos,629676,26,2025/01,173871
Fabricación de productos metálicos,629676,26,2025/02,197279
Fabricación de productos metálicos,629676,26,2025/03,194831
Fabricación de productos metálicos,629676,26,2025/04,176450
Fabricación de productos metálicos,629676,26,2026/01,164765
Fabricación de productos metálicos,629676,25,2025/01,3247
Fabricación de productos metálicos,629676,25,2025/02,4078
Fabricación de productos metálicos,629676,25,2025/03,4373
Fabricación de productos metálicos,629676,25,2025/04,6421
Fabricación de productos metálicos,629676,25,2026/01,1291
Fabricación de productos metálicos,629676,28,2025/01,250454
Fabricación de productos metálicos,629676,28,2025/02,275826
Fabricación de productos metálicos,629676,28,2025/03,262372
Fabricación de productos metálicos,629676,28,2025/04,248037
Fabricación de productos metálicos,629676,28,2026/01,226341
Fabricación de productos metálicos,629676,30,2025/01,26573
Fabricación de productos metálicos,629676,30,2025/02,24086
Fabricación de productos metálicos,629676,30,2025/03,26535
Fabricación de productos metálicos,629676,30,2025/04,23242
Fabricación de productos metálicos,629676,30,2026/01,24918
Fabricación de maquinaria y equipo,629677,01,2025/01,40352
Fabricación de maquinaria y equipo,629677,01,2025/02,44285
Fabricación de maquinaria y equipo,629677,01,2025/03,28281
Fabricación de maquinaria y equipo,629677,01,2025/04,32921
Fabricación de maquinaria y equipo,629677,01,2026/01,32712
Fabricación de maquinaria y equipo,629677,02,2025/01,470736
Fabricación de maquinaria y equipo,629677,02,2025/02,558451
Fabricación de maquinaria y equipo,629677,02,2025/03,583563
Fabricación de maquinaria y equipo,629677,02,2025/04,578447
Fabricación de maquinaria y equipo,629677,02,2026/01,536511
Fabricación de maquinaria y equipo,629677,05,2025/01,1089414
Fabricación de maquinaria y equipo,629677,05,2025/02,1173870
Fabricación de maquinaria y equipo,629677,05,2025/03,1044341
Fabricación de maquinaria y equipo,629677,05,2025/04,899269
Fabricación de maquinaria y equipo,629677,05,2026/01,881957
Fabricación de maquinaria y equipo,629677,08,2025/01,757160
Fabricación de maquinaria y equipo,629677,08,2025/02,1315855
Fabricación de maquinaria y equipo,629677,08,2025/03,1101509
Fabricación de maquinaria y equipo,629677,08,2025/04,997059
Fabricación de maquinaria y equipo,629677,08,2026/01,940365
Fabricación de maquinaria y equipo,629677,09,2025/01,9098
Fabricación de maquinaria y equipo,629677,09,2025/02,7672
Fabricación de maquinaria y equipo,629677,09,2025/03,7128
Fabricación de maquinaria y equipo,629677,09,2025/04,9388
Fabricación de maquinaria y equipo,629677,09,2026/01,7665
Fabricación de maquinaria y equipo,629677,10,2025/01,3038
Fabricación de maquinaria y equipo,629677,10,2025/02,3345
Fabricación de maquinaria y equipo,629677,10,2025/03,3828
Fabricación de maquinaria y equipo,629677,10,2025/04,3676
Fabricación de maquinaria y equipo,629677,10,2026/01,3959
Fabricación de maquinaria y equipo,629677,14,2025/01,12623
Fabricación de maquinaria y equipo,629677,14,2025/02,17785
Fabricación de maquinaria y equipo,629677,14,2025/03,30413
Fabricación de maquinaria y equipo,629677,14,2025/04,13871
Fabricación de maquinaria y equipo,629677,14,2026/01,19330
Fabricación de maquinaria y equipo,629677,11,2025/01,59132
Fabricación de maquinaria y equipo,629677,11,2025/02,74494
Fabricación de maquinaria y equipo,629677,11,2025/03,68644
Fabricación de maquinaria y equipo,629677,11,2025/04,80335
Fabricación de maquinaria y equipo,629677,11,2026/01,71860
Fabricación de maquinaria y equipo,629677,15,2025/01,102509
Fabricación de maquinaria y equipo,629677,15,2025/02,97941
Fabricación de maquinaria y equipo,629677,15,2025/03,98348
Fabricación de maquinaria y equipo,629677,15,2025/04,101760
Fabricación de maquinaria y equipo,629677,15,2026/01,126680
Fabricación de maquinaria y equipo,629677,19,2025/01,1722157
Fabricación de maquinaria y equipo,629677,19,2025/02,2146944
Fabricación de maquinaria y equipo,629677,19,2025/03,2211812
Fabricación de maquinaria y equipo,629677,19,2025/04,1995903
Fabricación de maquinaria y equipo,629677,19,2026/01,2084615
Fabricación de maquinaria y equipo,629677,21,2025/01,13263
Fabricación de maquinaria y equipo,629677,21,2025/02,19030
Fabricación de maquinaria y equipo,629677,21,2025/03,15132
Fabricación de maquinaria y equipo,629677,21,2025/04,15774
Fabricación de maquinaria y equipo,629677,21,2026/01,13012
Fabricación de maquinaria y equipo,629677,22,2025/01,335333
Fabricación de maquinaria y equipo,629677,22,2025/02,459325
Fabricación de maquinaria y equipo,629677,22,2025/03,285530
Fabricación de maquinaria y equipo,629677,22,2025/04,431409
Fabricación de maquinaria y equipo,629677,22,2026/01,419496
Fabricación de maquinaria y equipo,629677,24,2025/01,413282
Fabricación de maquinaria y equipo,629677,24,2025/02,459420
Fabricación de maquinaria y equipo,629677,24,2025/03,428612
Fabricación de maquinaria y equipo,629677,24,2025/04,412361
Fabricación de maquinaria y equipo,629677,24,2026/01,355246
Fabricación de maquinaria y equipo,629677,31,2025/01,3318
Fabricación de maquinaria y equipo,629677,31,2025/02,4144
Fabricación de maquinaria y equipo,629677,31,2025/03,3028
Fabricación de maquinaria y equipo,629677,31,2025/04,5228
Fabricación de maquinaria y equipo,629677,31,2026/01,2287
Fabricación de maquinaria y equipo,629677,26,2025/01,152995
Fabricación de maquinaria y equipo,629677,26,2025/02,171237
Fabricación de maquinaria y equipo,629677,26,2025/03,129433
Fabricación de maquinaria y equipo,629677,26,2025/04,134649
Fabricación de maquinaria y equipo,629677,26,2026/01,114800
Fabricación de maquinaria y equipo,629677,28,2025/01,925372
Fabricación de maquinaria y equipo,629677,28,2025/02,1083322
Fabricación de maquinaria y equipo,629677,28,2025/03,871237
Fabricación de maquinaria y equipo,629677,28,2025/04,732866
Fabricación de maquinaria y equipo,629677,28,2026/01,634840
"Fabricación de equipo de computación, comunicación, medición y otros equipos, componentes y accesorios electrónicos",629678,05,2025/01,140814
"Fabricación de equipo de computación, comunicación, medición y otros equipos, componentes y accesorios electrónicos",629678,05,2025/02,170537
"Fabricación de equipo de computación, comunicación, medición y otros equipos, componentes y accesorios electrónicos",629678,05,2025/03,183772
"Fabricación de equipo de computación, comunicación, medición y otros equipos, componentes y accesorios electrónicos",629678,05,2025/04,195949
"Fabricación de equipo de computación, comunicación, medición y otros equipos, componentes y accesorios electrónicos",629678,05,2026/01,167777
"Fabricación de equipo de computación, comunicación, medición y otros equipos, componentes y accesorios electrónicos",629678,02,2025/01,3718113
"Fabricación de equipo de computación, comunicación, medición y otros equipos, componentes y accesorios electrónicos",629678,02,2025/02,3883424
"Fabricación de equipo de computación, comunicación, medición y otros equipos, componentes y accesorios electrónicos",629678,02,2025/03,4793704
"Fabricación de equipo de computación, comunicación, medición y otros equipos, componentes y accesorios electrónicos",629678,02,2025/04,5577239
"Fabricación de equipo de computación, comunicación, medición y otros equipos, componentes y accesorios electrónicos",629678,02,2026/01,4297069
"Fabricación de equipo de computación, comunicación, medición y otros equipos, componentes y accesorios electrónicos",629678,01,2025/01,297556
"Fabricación de equipo de computación, comunicación, medición y otros equipos, componentes y accesorios electrónicos",629678,01,2025/02,340518
"Fabricación de equipo de computación, comunicación, medición y otros equipos, componentes y accesorios electrónicos",629678,01,2025/03,451442
"Fabricación de equipo de computación, comunicación, medición y otros equipos, componentes y accesorios electrónicos",629678,01,2025/04,361781
"Fabricación de equipo de computación, comunicación, medición y otros equipos, componentes y accesorios electrónicos",629678,01,2026/01,307424
"Fabricación de equipo de computación, comunicación, medición y otros equipos, componentes y accesorios electrónicos",629678,08,2025/01,11896423
"Fabricación de equipo de computación, comunicación, medición y otros equipos, componentes y accesorios electrónicos",629678,08,2025/02,15154094
"Fabricación de equipo de computación, comunicación, medición y otros equipos, componentes y accesorios electrónicos",629678,08,2025/03,16484797
"Fabricación de equipo de computación, comunicación, medición y otros equipos, componentes y accesorios electrónicos",629678,08,2025/04,22165988
"Fabricación de equipo de computación, comunicación, medición y otros equipos, componentes y accesorios electrónicos",629678,08,2026/01,26048528
"Fabricación de equipo de computación, comunicación, medición y otros equipos, componentes y accesorios electrónicos",629678,09,2025/01,15035
"Fabricación de equipo de computación, comunicación, medición y otros equipos, componentes y accesorios electrónicos",629678,09,2025/02,14443
"Fabricación de equipo de computación, comunicación, medición y otros equipos, componentes y accesorios electrónicos",629678,09,2025/03,14672
"Fabricación de equipo de computación, comunicación, medición y otros equipos, componentes y accesorios electrónicos",629678,09,2025/04,15531
"Fabricación de equipo de computación, comunicación, medición y otros equipos, componentes y accesorios electrónicos",629678,09,2026/01,15043
"Fabricación de equipo de computación, comunicación, medición y otros equipos, componentes y accesorios electrónicos",629678,11,2025/01,38256
"Fabricación de equipo de computación, comunicación, medición y otros equipos, componentes y accesorios electrónicos",629678,11,2025/02,41701
"Fabricación de equipo de computación, comunicación, medición y otros equipos, componentes y accesorios electrónicos",629678,11,2025/03,48663
"Fabricación de equipo de computación, comunicación, medición y otros equipos, componentes y accesorios electrónicos",629678,11,2025/04,56047
"Fabricación de equipo de computación, comunicación, medición y otros equipos, componentes y accesorios electrónicos",629678,11,2026/01,51250
"Fabricación de equipo de computación, comunicación, medición y otros equipos, componentes y accesorios electrónicos",629678,14,2025/01,4825551
"Fabricación de equipo de computación, comunicación, medición y otros equipos, componentes y accesorios electrónicos",629678,14,2025/02,6524108
"Fabricación de equipo de computación, comunicación, medición y otros equipos, componentes y accesorios electrónicos",629678,14,2025/03,9936270
"Fabricación de equipo de computación, comunicación, medición y otros equipos, componentes y accesorios electrónicos",629678,14,2025/04,16578232
"Fabricación de equipo de computación, comunicación, medición y otros equipos, componentes y accesorios electrónicos",629678,14,2026/01,13727328
"Fabricación de equipo de computación, comunicación, medición y otros equipos, componentes y accesorios electrónicos",629678,15,2025/01,80765
"Fabricación de equipo de computación, comunicación, medición y otros equipos, componentes y accesorios electrónicos",629678,15,2025/02,67591
"Fabricación de equipo de computación, comunicación, medición y otros equipos, componentes y accesorios electrónicos",629678,15,2025/03,102350
"Fabricación de equipo de computación, comunicación, medición y otros equipos, componentes y accesorios electrónicos",629678,15,2025/04,90628
"Fabricación de equipo de computación, comunicación, medición y otros equipos, componentes y accesorios electrónicos",629678,15,2026/01,53978
"Fabricación de equipo de computación, comunicación, medición y otros equipos, componentes y accesorios electrónicos",629678,19,2025/01,1423621
"Fabricación de equipo de computación, comunicación, medición y otros equipos, componentes y accesorios electrónicos",629678,19,2025/02,1562017
"Fabricación de equipo de computación, comunicación, medición y otros equipos, componentes y accesorios electrónicos",629678,19,2025/03,2160244
"Fabricación de equipo de computación, comunicación, medición y otros equipos, componentes y accesorios electrónicos",629678,19,2025/04,2492576
"Fabricación de equipo de computación, comunicación, medición y otros equipos, componentes y accesorios electrónicos",629678,19,2026/01,2267805
"Fabricación de equipo de computación, comunicación, medición y otros equipos, componentes y accesorios electrónicos",629678,22,2025/01,305127
"Fabricación de equipo de computación, comunicación, medición y otros equipos, componentes y accesorios electrónicos",629678,22,2025/02,337189
"Fabricación de equipo de computación, comunicación, medición y otros equipos, componentes y accesorios electrónicos",629678,22,2025/03,374044
"Fabricación de equipo de computación, comunicación, medición y otros equipos, componentes y accesorios electrónicos",629678,22,2025/04,337818
"Fabricación de equipo de computación, comunicación, medición y otros equipos, componentes y accesorios electrónicos",629678,22,2026/01,307046
"Fabricación de equipo de computación, comunicación, medición y otros equipos, componentes y accesorios electrónicos",629678,24,2025/01,78524
"Fabricación de equipo de computación, comunicación, medición y otros equipos, componentes y accesorios electrónicos",629678,24,2025/02,92082
"Fabricación de equipo de computación, comunicación, medición y otros equipos, componentes y accesorios electrónicos",629678,24,2025/03,82711
"Fabricación de equipo de computación, comunicación, medición y otros equipos, componentes y accesorios electrónicos",629678,24,2025/04,78889
"Fabricación de equipo de computación, comunicación, medición y otros equipos, componentes y accesorios electrónicos",629678,24,2026/01,63639
"Fabricación de equipo de computación, comunicación, medición y otros equipos, componentes y accesorios electrónicos",629678,25,2025/01,1982
"Fabricación de equipo de computación, comunicación, medición y otros equipos, componentes y accesorios electrónicos",629678,25,2025/02,1297
"Fabricación de equipo de computación, comunicación, medición y otros equipos, componentes y accesorios electrónicos",629678,25,2025/03,1321
"Fabricación de equipo de computación, comunicación, medición y otros equipos, componentes y accesorios electrónicos",629678,25,2025/04,1047
"Fabricación de equipo de computación, comunicación, medición y otros equipos, componentes y accesorios electrónicos",629678,25,2026/01,2637
"Fabricación de equipo de computación, comunicación, medición y otros equipos, componentes y accesorios electrónicos",629678,26,2025/01,898813
"Fabricación de equipo de computación, comunicación, medición y otros equipos, componentes y accesorios electrónicos",629678,26,2025/02,1028971
"Fabricación de equipo de computación, comunicación, medición y otros equipos, componentes y accesorios electrónicos",629678,26,2025/03,1006189
"Fabricación de equipo de computación, comunicación, medición y otros equipos, componentes y accesorios electrónicos",629678,26,2025/04,949356
"Fabricación de equipo de computación, comunicación, medición y otros equipos, componentes y accesorios electrónicos",629678,26,2026/01,897488
"Fabricación de equipo de computación, comunicación, medición y otros equipos, componentes y accesorios electrónicos",629678,28,2025/01,1847653
"Fabricación de equipo de computación, comunicación, medición y otros equipos, componentes y accesorios electrónicos",629678,28,2025/02,2129187
"Fabricación de equipo de computación, comunicación, medición y otros equipos, componentes y accesorios electrónicos",629678,28,2025/03,2202987
"Fabricación de equipo de computación, comunicación, medición y otros equipos, componentes y accesorios electrónicos",629678,28,2025/04,1961237
"Fabricación de equipo de computación, comunicación, medición y otros equipos, componentes y accesorios electrónicos",629678,28,2026/01,1820040
"Fabricación de equipo de computación, comunicación, medición y otros equipos, componentes y accesorios electrónicos",629678,29,2025/01,9352
"Fabricación de equipo de computación, comunicación, medición y otros equipos, componentes y accesorios electrónicos",629678,29,2025/02,9936
"Fabricación de equipo de computación, comunicación, medición y otros equipos, componentes y accesorios electrónicos",629678,29,2025/03,11008
"Fabricación de equipo de computación, comunicación, medición y otros equipos, componentes y accesorios electrónicos",629678,29,2025/04,8535
"Fabricación de equipo de computación, comunicación, medición y otros equipos, componentes y accesorios electrónicos",629678,29,2026/01,6932
"Fabricación de accesorios, aparatos eléctricos y equipo de generación de energía eléctrica",629679,02,2025/01,635665
"Fabricación de accesorios, aparatos eléctricos y equipo de generación de energía eléctrica",629679,02,2025/02,731182
"Fabricación de accesorios, aparatos eléctricos y equipo de generación de energía eléctrica",629679,02,2025/03,842365
"Fabricación de accesorios, aparatos eléctricos y equipo de generación de energía eléctrica",629679,02,2025/04,853156
"Fabricación de accesorios, aparatos eléctricos y equipo de generación de energía eléctrica",629679,02,2026/01,710247
"Fabricación de accesorios, aparatos eléctricos y equipo de generación de energía eléctrica",629679,05,2025/01,602597
"Fabricación de accesorios, aparatos eléctricos y equipo de generación de energía eléctrica",629679,05,2025/02,654445
"Fabricación de accesorios, aparatos eléctricos y equipo de generación de energía eléctrica",629679,05,2025/03,702744
"Fabricación de accesorios, aparatos eléctricos y equipo de generación de energía eléctrica",629679,05,2025/04,709452
"Fabricación de accesorios, aparatos eléctricos y equipo de generación de energía eléctrica",629679,05,2026/01,541135
"Fabricación de accesorios, aparatos eléctricos y equipo de generación de energía eléctrica",629679,08,2025/01,1185927
"Fabricación de accesorios, aparatos eléctricos y equipo de generación de energía eléctrica",629679,08,2025/02,1283739
"Fabricación de accesorios, aparatos eléctricos y equipo de generación de energía eléctrica",629679,08,2025/03,1397568
"Fabricación de accesorios, aparatos eléctricos y equipo de generación de energía eléctrica",629679,08,2025/04,1319510
"Fabricación de accesorios, aparatos eléctricos y equipo de generación de energía eléctrica",629679,08,2026/01,1210749
"Fabricación de accesorios, aparatos eléctricos y equipo de generación de energía eléctrica",629679,14,2025/01,35574
"Fabricación de accesorios, aparatos eléctricos y equipo de generación de energía eléctrica",629679,14,2025/02,36538
"Fabricación de accesorios, aparatos eléctricos y equipo de generación de energía eléctrica",629679,14,2025/03,37746
"Fabricación de accesorios, aparatos eléctricos y equipo de generación de energía eléctrica",629679,14,2025/04,39626
"Fabricación de accesorios, aparatos eléctricos y equipo de generación de energía eléctrica",629679,14,2026/01,37395
"Fabricación de accesorios, aparatos eléctricos y equipo de generación de energía eléctrica",629679,09,2025/01,138787
"Fabricación de accesorios, aparatos eléctricos y equipo de generación de energía eléctrica",629679,09,2025/02,130144
"Fabricación de accesorios, aparatos eléctricos y equipo de generación de energía eléctrica",629679,09,2025/03,130144
"Fabricación de accesorios, aparatos eléctricos y equipo de generación de energía eléctrica",629679,09,2025/04,112704
"Fabricación de accesorios, aparatos eléctricos y equipo de generación de energía eléctrica",629679,09,2026/01,83297
"Fabricación de accesorios, aparatos eléctricos y equipo de generación de energía eléctrica",629679,15,2025/01,154787
"Fabricación de accesorios, aparatos eléctricos y equipo de generación de energía eléctrica",629679,15,2025/02,165229
"Fabricación de accesorios, aparatos eléctricos y equipo de generación de energía eléctrica",629679,15,2025/03,195597
"Fabricación de accesorios, aparatos eléctricos y equipo de generación de energía eléctrica",629679,15,2025/04,152622
"Fabricación de accesorios, aparatos eléctricos y equipo de generación de energía eléctrica",629679,15,2026/01,196896
"Fabricación de accesorios, aparatos eléctricos y equipo de generación de energía eléctrica",629679,13,2025/01,85833
"Fabricación de accesorios, aparatos eléctricos y equipo de generación de energía eléctrica",629679,13,2025/02,90599
"Fabricación de accesorios, aparatos eléctricos y equipo de generación de energía eléctrica",629679,13,2025/03,93542
"Fabricación de accesorios, aparatos eléctricos y equipo de generación de energía eléctrica",629679,13,2025/04,92464
"Fabricación de accesorios, aparatos eléctricos y equipo de generación de energía eléctrica",629679,13,2026/01,99720
"Fabricación de accesorios, aparatos eléctricos y equipo de generación de energía eléctrica",629679,11,2025/01,390121
"Fabricación de accesorios, aparatos eléctricos y equipo de generación de energía eléctrica",629679,11,2025/02,451450
"Fabricación de accesorios, aparatos eléctricos y equipo de generación de energía eléctrica",629679,11,2025/03,474316
"Fabricación de accesorios, aparatos eléctricos y equipo de generación de energía eléctrica",629679,11,2025/04,448093
"Fabricación de accesorios, aparatos eléctricos y equipo de generación de energía eléctrica",629679,11,2026/01,321481
"Fabricación de accesorios, aparatos eléctricos y equipo de generación de energía eléctrica",629679,10,2025/01,34783
"Fabricación de accesorios, aparatos eléctricos y equipo de generación de energía eléctrica",629679,10,2025/02,27879
"Fabricación de accesorios, aparatos eléctricos y equipo de generación de energía eléctrica",629679,10,2025/03,26406
"Fabricación de accesorios, aparatos eléctricos y equipo de generación de energía eléctrica",629679,10,2025/04,28523
"Fabricación de accesorios, aparatos eléctricos y equipo de generación de energía eléctrica",629679,10,2026/01,25071
"Fabricación de accesorios, aparatos eléctricos y equipo de generación de energía eléctrica",629679,19,2025/01,2366695
"Fabricación de accesorios, aparatos eléctricos y equipo de generación de energía eléctrica",629679,19,2025/02,2528883
"Fabricación de accesorios, aparatos eléctricos y equipo de generación de energía eléctrica",629679,19,2025/03,2552956
"Fabricación de accesorios, aparatos eléctricos y equipo de generación de energía eléctrica",629679,19,2025/04,2842661
"Fabricación de accesorios, aparatos eléctricos y equipo de generación de energía eléctrica",629679,19,2026/01,2373139
"Fabricación de accesorios, aparatos eléctricos y equipo de generación de energía eléctrica",629679,22,2025/01,490199
"Fabricación de accesorios, aparatos eléctricos y equipo de generación de energía eléctrica",629679,22,2025/02,689498
"Fabricación de accesorios, aparatos eléctricos y equipo de generación de energía eléctrica",629679,22,2025/03,545946
"Fabricación de accesorios, aparatos eléctricos y equipo de generación de energía eléctrica",629679,22,2025/04,638182
"Fabricación de accesorios, aparatos eléctricos y equipo de generación de energía eléctrica",629679,22,2026/01,509578
"Fabricación de accesorios, aparatos eléctricos y equipo de generación de energía eléctrica",629679,24,2025/01,540897
"Fabricación de accesorios, aparatos eléctricos y equipo de generación de energía eléctrica",629679,24,2025/02,622512
"Fabricación de accesorios, aparatos eléctricos y equipo de generación de energía eléctrica",629679,24,2025/03,588713
"Fabricación de accesorios, aparatos eléctricos y equipo de generación de energía eléctrica",629679,24,2025/04,621165
"Fabricación de accesorios, aparatos eléctricos y equipo de generación de energía eléctrica",629679,24,2026/01,539288
"Fabricación de accesorios, aparatos eléctricos y equipo de generación de energía eléctrica",629679,26,2025/01,391839
"Fabricación de accesorios, aparatos eléctricos y equipo de generación de energía eléctrica",629679,26,2025/02,422890
"Fabricación de accesorios, aparatos eléctricos y equipo de generación de energía eléctrica",629679,26,2025/03,451573
"Fabricación de accesorios, aparatos eléctricos y equipo de generación de energía eléctrica",629679,26,2025/04,503153
"Fabricación de accesorios, aparatos eléctricos y equipo de generación de energía eléctrica",629679,26,2026/01,459514
"Fabricación de accesorios, aparatos eléctricos y equipo de generación de energía eléctrica",629679,28,2025/01,957236
"Fabricación de accesorios, aparatos eléctricos y equipo de generación de energía eléctrica",629679,28,2025/02,1145780
"Fabricación de accesorios, aparatos eléctricos y equipo de generación de energía eléctrica",629679,28,2025/03,1072570
"Fabricación de accesorios, aparatos eléctricos y equipo de generación de energía eléctrica",629679,28,2025/04,1080876
"Fabricación de accesorios, aparatos eléctricos y equipo de generación de energía eléctrica",629679,28,2026/01,947139
"Fabricación de accesorios, aparatos eléctricos y equipo de generación de energía eléctrica",629679,29,2025/01,85866
"Fabricación de accesorios, aparatos eléctricos y equipo de generación de energía eléctrica",629679,29,2025/02,101265
"Fabricación de accesorios, aparatos eléctricos y equipo de generación de energía eléctrica",629679,29,2025/03,103748
"Fabricación de accesorios, aparatos eléctricos y equipo de generación de energía eléctrica",629679,29,2025/04,147718
"Fabricación de accesorios, aparatos eléctricos y equipo de generación de energía eléctrica",629679,29,2026/01,142213
Fabricación de equipo de transporte,629680,02,2025/01,2843492
Fabricación de equipo de transporte,629680,02,2025/02,2926072
Fabricación de equipo de transporte,629680,02,2025/03,2450116
Fabricación de equipo de transporte,629680,02,2025/04,3298765
Fabricación de equipo de transporte,629680,02,2026/01,2244362
Fabricación de equipo de transporte,629680,01,2025/01,2814751
Fabricación de equipo de transporte,629680,01,2025/02,2693746
Fabricación de equipo de transporte,629680,01,2025/03,2860241
Fabricación de equipo de transporte,629680,01,2025/04,2686526
Fabricación de equipo de transporte,629680,01,2026/01,2660915
Fabricación de equipo de transporte,629680,07,2025/01,28238
Fabricación de equipo de transporte,629680,07,2025/02,33421
Fabricación de equipo de transporte,629680,07,2025/03,37999
Fabricación de equipo de transporte,629680,07,2025/04,31116
Fabricación de equipo de transporte,629680,07,2026/01,26578
Fabricación de equipo de transporte,629680,08,2025/01,4010627
Fabricación de equipo de transporte,629680,08,2025/02,4494762
Fabricación de equipo de transporte,629680,08,2025/03,4410546
Fabricación de equipo de transporte,629680,08,2025/04,4611682
Fabricación de equipo de transporte,629680,08,2026/01,3952008
Fabricación de equipo de transporte,629680,05,2025/01,9544146
Fabricación de equipo de transporte,629680,05,2025/02,10523546
Fabricación de equipo de transporte,629680,05,2025/03,10904054
Fabricación de equipo de transporte,629680,05,2025/04,9813454
Fabricación de equipo de transporte,629680,05,2026/01,8431863
Fabricación de equipo de transporte,629680,10,2025/01,275324
Fabricación de equipo de transporte,629680,10,2025/02,306293
Fabricación de equipo de transporte,629680,10,2025/03,298395
Fabricación de equipo de transporte,629680,10,2025/04,301521
Fabricación de equipo de transporte,629680,10,2026/01,279881
Fabricación de equipo de transporte,629680,11,2025/01,6625015
Fabricación de equipo de transporte,629680,11,2025/02,7645561
Fabricación de equipo de transporte,629680,11,2025/03,6666117
Fabricación de equipo de transporte,629680,11,2025/04,6904286
Fabricación de equipo de transporte,629680,11,2026/01,7514645
Fabricación de equipo de transporte,629680,09,2025/01,33327
Fabricación de equipo de transporte,629680,09,2025/02,34381
Fabricación de equipo de transporte,629680,09,2025/03,31405
Fabricación de equipo de transporte,629680,09,2025/04,29203
Fabricación de equipo de transporte,629680,09,2026/01,17082
Fabricación de equipo de transporte,629680,15,2025/01,3583445
Fabricación de equipo de transporte,629680,15,2025/02,2985164
Fabricación de equipo de transporte,629680,15,2025/03,3011745
Fabricación de equipo de transporte,629680,15,2025/04,2684246
Fabricación de equipo de transporte,629680,15,2026/01,2464349
Fabricación de equipo de transporte,629680,13,2025/01,316660
Fabricación de equipo de transporte,629680,13,2025/02,321131
Fabricación de equipo de transporte,629680,13,2025/03,289739
Fabricación de equipo de transporte,629680,13,2025/04,239032
Fabricación de equipo de transporte,629680,13,2026/01,181254
Fabricación de equipo de transporte,629680,14,2025/01,907485
Fabricación de equipo de transporte,629680,14,2025/02,1013730
Fabricación de equipo de transporte,629680,14,2025/03,1123227
Fabricación de equipo de transporte,629680,14,2025/04,925016
Fabricación de equipo de transporte,629680,14,2026/01,832464
Fabricación de equipo de transporte,629680,18,2025/01,19762
Fabricación de equipo de transporte,629680,18,2025/02,32601
Fabricación de equipo de transporte,629680,18,2025/03,31592
Fabricación de equipo de transporte,629680,18,2025/04,37615
Fabricación de equipo de transporte,629680,18,2026/01,35629
Fabricación de equipo de transporte,629680,17,2025/01,656541
Fabricación de equipo de transporte,629680,17,2025/02,525824
Fabricación de equipo de transporte,629680,17,2025/03,526540
Fabricación de equipo de transporte,629680,17,2025/04,402704
Fabricación de equipo de transporte,629680,17,2026/01,316426
Fabricación de equipo de transporte,629680,21,2025/01,2548472
Fabricación de equipo de transporte,629680,21,2025/02,3271958
Fabricación de equipo de transporte,629680,21,2025/03,4282447
Fabricación de equipo de transporte,629680,21,2025/04,3792104
Fabricación de equipo de transporte,629680,21,2026/01,3291035
Fabricación de equipo de transporte,629680,19,2025/01,4195365
Fabricación de equipo de transporte,629680,19,2025/02,4984878
Fabricación de equipo de transporte,629680,19,2025/03,4462390
Fabricación de equipo de transporte,629680,19,2025/04,5226033
Fabricación de equipo de transporte,629680,19,2026/01,4573463
Fabricación de equipo de transporte,629680,22,2025/01,2029696
Fabricación de equipo de transporte,629680,22,2025/02,2306582
Fabricación de equipo de transporte,629680,22,2025/03,2442083
Fabricación de equipo de transporte,629680,22,2025/04,2507444
Fabricación de equipo de transporte,629680,22,2026/01,2391977
Fabricación de equipo de transporte,629680,24,2025/01,4318654
Fabricación de equipo de transporte,629680,24,2025/02,4527971
Fabricación de equipo de transporte,629680,24,2025/03,4986270
Fabricación de equipo de transporte,629680,24,2025/04,4822746
Fabricación de equipo de transporte,629680,24,2026/01,4505085
Fabricación de equipo de transporte,629680,25,2025/01,51905
Fabricación de equipo de transporte,629680,25,2025/02,70255
Fabricación de equipo de transporte,629680,25,2025/03,80810
Fabricación de equipo de transporte,629680,25,2025/04,81658
Fabricación de equipo de transporte,629680,25,2026/01,67626
Fabricación de equipo de transporte,629680,26,2025/01,2505356
Fabricación de equipo de transporte,629680,26,2025/02,2523638
Fabricación de equipo de transporte,629680,26,2025/03,2304553
Fabricación de equipo de transporte,629680,26,2025/04,2493210
Fabricación de equipo de transporte,629680,26,2026/01,2068920
Fabricación de equipo de transporte,629680,28,2025/01,2264187
Fabricación de equipo de transporte,629680,28,2025/02,2636251
Fabricación de equipo de transporte,629680,28,2025/03,2681680
Fabricación de equipo de transporte,629680,28,2025/04,2593157
Fabricación de equipo de transporte,629680,28,2026/01,2000721
Fabricación de equipo de transporte,629680,32,2025/01,105081
Fabricación de equipo de transporte,629680,32,2025/02,123491
Fabricación de equipo de transporte,629680,32,2025/03,127081
Fabricación de equipo de transporte,629680,32,2025/04,123521
Fabricación de equipo de transporte,629680,32,2026/01,115974
Fabricación de equipo de transporte,629680,31,2025/01,213681
Fabricación de equipo de transporte,629680,31,2025/02,214685
Fabricación de equipo de transporte,629680,31,2025/03,210367
Fabricación de equipo de transporte,629680,31,2025/04,234325
Fabricación de equipo de transporte,629680,31,2026/01,225722
Fabricación de equipo de transporte,629680,29,2025/01,118744
Fabricación de equipo de transporte,629680,29,2025/02,116493
Fabricación de equipo de transporte,629680,29,2025/03,112248
Fabricación de equipo de transporte,629680,29,2025/04,93994
Fabricación de equipo de transporte,629680,29,2026/01,84793
"Fabricación de muebles, colchones y persianas",629681,02,2025/01,321179
"Fabricación de muebles, colchones y persianas",629681,02,2025/02,332219
"Fabricación de muebles, colchones y persianas",629681,02,2025/03,340558
"Fabricación de muebles, colchones y persianas",629681,02,2025/04,332246
"Fabricación de muebles, colchones y persianas",629681,02,2026/01,259461
"Fabricación de muebles, colchones y persianas",629681,05,2025/01,163778
"Fabricación de muebles, colchones y persianas",629681,05,2025/02,227693
"Fabricación de muebles, colchones y persianas",629681,05,2025/03,229871
"Fabricación de muebles, colchones y persianas",629681,05,2025/04,195515
"Fabricación de muebles, colchones y persianas",629681,05,2026/01,96247
"Fabricación de muebles, colchones y persianas",629681,08,2025/01,30220
"Fabricación de muebles, colchones y persianas",629681,08,2025/02,41509
"Fabricación de muebles, colchones y persianas",629681,08,2025/03,43798
"Fabricación de muebles, colchones y persianas",629681,08,2025/04,37719
"Fabricación de muebles, colchones y persianas",629681,08,2026/01,33633
"Fabricación de muebles, colchones y persianas",629681,10,2025/01,20236
"Fabricación de muebles, colchones y persianas",629681,10,2025/02,24947
"Fabricación de muebles, colchones y persianas",629681,10,2025/03,16697
"Fabricación de muebles, colchones y persianas",629681,10,2025/04,13650
"Fabricación de muebles, colchones y persianas",629681,10,2026/01,7620
"Fabricación de muebles, colchones y persianas",629681,09,2025/01,1523
"Fabricación de muebles, colchones y persianas",629681,09,2025/02,2102
"Fabricación de muebles, colchones y persianas",629681,09,2025/03,1995
"Fabricación de muebles, colchones y persianas",629681,09,2025/04,2099
"Fabricación de muebles, colchones y persianas",629681,09,2026/01,1029
"Fabricación de muebles, colchones y persianas",629681,14,2025/01,6975
"Fabricación de muebles, colchones y persianas",629681,14,2025/02,6758
"Fabricación de muebles, colchones y persianas",629681,14,2025/03,5196
"Fabricación de muebles, colchones y persianas",629681,14,2025/04,6352
"Fabricación de muebles, colchones y persianas",629681,14,2026/01,4725
"Fabricación de muebles, colchones y persianas",629681,15,2025/01,8461
"Fabricación de muebles, colchones y persianas",629681,15,2025/02,5647
"Fabricación de muebles, colchones y persianas",629681,15,2025/03,9278
"Fabricación de muebles, colchones y persianas",629681,15,2025/04,4527
"Fabricación de muebles, colchones y persianas",629681,15,2026/01,2493
"Fabricación de muebles, colchones y persianas",629681,19,2025/01,96415
"Fabricación de muebles, colchones y persianas",629681,19,2025/02,112373
"Fabricación de muebles, colchones y persianas",629681,19,2025/03,115435
"Fabricación de muebles, colchones y persianas",629681,19,2025/04,118602
"Fabricación de muebles, colchones y persianas",629681,19,2026/01,100565
"Fabricación de muebles, colchones y persianas",629681,26,2025/01,38683
"Fabricación de muebles, colchones y persianas",629681,26,2025/02,37934
"Fabricación de muebles, colchones y persianas",629681,26,2025/03,43367
"Fabricación de muebles, colchones y persianas",629681,26,2025/04,48010
"Fabricación de muebles, colchones y persianas",629681,26,2026/01,56760
"Fabricación de muebles, colchones y persianas",629681,24,2025/01,2856
"Fabricación de muebles, colchones y persianas",629681,24,2025/02,2655
"Fabricación de muebles, colchones y persianas",629681,24,2025/03,4250
"Fabricación de muebles, colchones y persianas",629681,24,2025/04,4013
"Fabricación de muebles, colchones y persianas",629681,24,2026/01,5348
"Fabricación de muebles, colchones y persianas",629681,21,2025/01,6079
"Fabricación de muebles, colchones y persianas",629681,21,2025/02,5387
"Fabricación de muebles, colchones y persianas",629681,21,2025/03,6801
"Fabricación de muebles, colchones y persianas",629681,21,2025/04,5795
"Fabricación de muebles, colchones y persianas",629681,21,2026/01,4859
"Fabricación de muebles, colchones y persianas",629681,28,2025/01,136484
"Fabricación de muebles, colchones y persianas",629681,28,2025/02,161912
"Fabricación de muebles, colchones y persianas",629681,28,2025/03,152334
"Fabricación de muebles, colchones y persianas",629681,28,2025/04,162022
"Fabricación de muebles, colchones y persianas",629681,28,2026/01,125095
Otras industrias manufactureras,629682,02,2025/01,2289081
Otras industrias manufactureras,629682,02,2025/02,2641194
Otras industrias manufactureras,629682,02,2025/03,2540549
Otras industrias manufactureras,629682,02,2025/04,2616742
Otras industrias manufactureras,629682,02,2026/01,2300610
Otras industrias manufactureras,629682,01,2025/01,8871
Otras industrias manufactureras,629682,01,2025/02,10178
Otras industrias manufactureras,629682,01,2025/03,10770
Otras industrias manufactureras,629682,01,2025/04,14073
Otras industrias manufactureras,629682,01,2026/01,13524
Otras industrias manufactureras,629682,05,2025/01,41774
Otras industrias manufactureras,629682,05,2025/02,55435
Otras industrias manufactureras,629682,05,2025/03,58798
Otras industrias manufactureras,629682,05,2025/04,63475
Otras industrias manufactureras,629682,05,2026/01,47031
Otras industrias manufactureras,629682,09,2025/01,9102
Otras industrias manufactureras,629682,09,2025/02,8164
Otras industrias manufactureras,629682,09,2025/03,9524
Otras industrias manufactureras,629682,09,2025/04,9349
Otras industrias manufactureras,629682,09,2026/01,7218
Otras industrias manufactureras,629682,08,2025/01,1691777
Otras industrias manufactureras,629682,08,2025/02,2160186
Otras industrias manufactureras,629682,08,2025/03,2223394
Otras industrias manufactureras,629682,08,2025/04,2234438
Otras industrias manufactureras,629682,08,2026/01,2029128
Otras industrias manufactureras,629682,11,2025/01,5529
Otras industrias manufactureras,629682,11,2025/02,6203
Otras industrias manufactureras,629682,11,2025/03,5597
Otras industrias manufactureras,629682,11,2025/04,4541
Otras industrias manufactureras,629682,11,2026/01,5435
Otras industrias manufactureras,629682,14,2025/01,39077
Otras industrias manufactureras,629682,14,2025/02,43813
Otras industrias manufactureras,629682,14,2025/03,64749
Otras industrias manufactureras,629682,14,2025/04,80900
Otras industrias manufactureras,629682,14,2026/01,61110
Otras industrias manufactureras,629682,17,2025/01,11491
Otras industrias manufactureras,629682,17,2025/02,11502
Otras industrias manufactureras,629682,17,2025/03,13965
Otras industrias manufactureras,629682,17,2025/04,13040
Otras industrias manufactureras,629682,17,2026/01,10691
Otras industrias manufactureras,629682,15,2025/01,206862
Otras industrias manufactureras,629682,15,2025/02,215109
Otras industrias manufactureras,629682,15,2025/03,232749
Otras industrias manufactureras,629682,15,2025/04,198079
Otras industrias manufactureras,629682,15,2026/01,197496
Otras industrias manufactureras,629682,19,2025/01,464526
Otras industrias manufactureras,629682,19,2025/02,550188
Otras industrias manufactureras,629682,19,2025/03,532332
Otras industrias manufactureras,629682,19,2025/04,610152
Otras industrias manufactureras,629682,19,2026/01,384119
Otras industrias manufactureras,629682,22,2025/01,16119
Otras industrias manufactureras,629682,22,2025/02,19038
Otras industrias manufactureras,629682,22,2025/03,18913
Otras industrias manufactureras,629682,22,2025/04,22750
Otras industrias manufactureras,629682,22,2026/01,31299
Otras industrias manufactureras,629682,21,2025/01,3672
Otras industrias manufactureras,629682,21,2025/02,4441
Otras industrias manufactureras,629682,21,2025/03,5257
Otras industrias manufactureras,629682,21,2025/04,5697
Otras industrias manufactureras,629682,21,2026/01,5562
Otras industrias manufactureras,629682,26,2025/01,283172
Otras industrias manufactureras,629682,26,2025/02,305601
Otras industrias manufactureras,629682,26,2025/03,295805
Otras industrias manufactureras,629682,26,2025/04,295566
Otras industrias manufactureras,629682,26,2026/01,250980
Otras industrias manufactureras,629682,24,2025/01,15452
Otras industrias manufactureras,629682,24,2025/02,20133
Otras industrias manufactureras,629682,24,2025/03,24331
Otras industrias manufactureras,629682,24,2025/04,26100
Otras industrias manufactureras,629682,24,2026/01,25593
Otras industrias manufactureras,629682,29,2025/01,3846
Otras industrias manufactureras,629682,29,2025/02,3649
Otras industrias manufactureras,629682,29,2025/03,3749
Otras industrias manufactureras,629682,29,2025/04,4126
Otras industrias manufactureras,629682,29,2026/01,4118
Otras industrias manufactureras,629682,28,2025/01,690287
Otras industrias manufactureras,629682,28,2025/02,805966
Otras industrias manufactureras,629682,28,2025/03,785642
Otras industrias manufactureras,629682,28,2025/04,834278
Otras industrias manufactureras,629682,28,2026/01,696575
No especificado,629683,01,2025/01,8205
No especificado,629683,01,2025/02,34462
No especificado,629683,01,2025/03,11590
No especificado,629683,01,2025/04,14376
No especificado,629683,01,2026/01,13284
No especificado,629683,02,2025/01,7884
No especificado,629683,02,2025/02,8241
No especificado,629683,02,2025/03,7343
No especificado,629683,02,2025/04,6970
No especificado,629683,02,2026/01,5999
Otras industrias manufactureras,629682,31,2025/01,74939
Otras industrias manufactureras,629682,31,2025/02,100397
Otras industrias manufactureras,629682,31,2025/03,141091
Otras industrias manufactureras,629682,31,2025/04,210084
Otras industrias manufactureras,629682,31,2026/01,127280
No especificado,629683,06,2025/01,18588
No especificado,629683,06,2025/02,335468
No especificado,629683,06,2025/03,23768
No especificado,629683,06,2025/04,25834
No especificado,629683,06,2026/01,535477
No especificado,629683,05,2025/01,3654
No especificado,629683,05,2025/02,4428
No especificado,629683,05,2025/03,4630
No especificado,629683,05,2025/04,3990
No especificado,629683,05,2026/01,5932
No especificado,629683,04,2025/01,1132
No especificado,629683,04,2025/02,1340
No especificado,629683,04,2025/03,1287
No especificado,629683,04,2025/04,1441
No especificado,629683,04,2026/01,1193
No especificado,629683,03,2025/01,920
No especificado,629683,03,2025/02,1104
No especificado,629683,03,2025/03,7645
No especificado,629683,03,2025/04,26387
No especificado,629683,03,2026/01,43905
No especificado,629683,09,2025/01,3473
No especificado,629683,09,2025/02,3857
No especificado,629683,09,2025/03,2581
No especificado,629683,09,2025/04,3149
No especificado,629683,09,2026/01,1153
No especificado,629683,07,2025/01,53783
No especificado,629683,07,2025/02,82009
No especificado,629683,07,2025/03,44714
No especificado,629683,07,2025/04,54352
No especificado,629683,07,2026/01,55731
No especificado,629683,08,2025/01,36728
No especificado,629683,08,2025/02,46555
No especificado,629683,08,2025/03,50976
No especificado,629683,08,2025/04,55818
No especificado,629683,08,2026/01,52711
No especificado,629683,10,2025/01,28240
No especificado,629683,10,2025/02,12855
No especificado,629683,10,2025/03,15885
No especificado,629683,10,2025/04,17864
No especificado,629683,10,2026/01,28814
No especificado,629683,14,2025/01,0
No especificado,629683,14,2025/02,0
No especificado,629683,14,2025/03,5140
No especificado,629683,14,2025/04,230
No especificado,629683,14,2026/01,501
No especificado,629683,11,2025/01,118751
No especificado,629683,11,2025/02,180068
No especificado,629683,11,2025/03,123561
No especificado,629683,11,2025/04,139572
No especificado,629683,11,2026/01,97086
No especificado,629683,12,2025/01,116
No especificado,629683,12,2025/02,145
No especificado,629683,12,2025/03,295
No especificado,629683,12,2025/04,284245
No especificado,629683,12,2026/01,555734
No especificado,629683,13,2025/01,6187
No especificado,629683,13,2025/02,8279
No especificado,629683,13,2025/03,11589
No especificado,629683,13,2025/04,13074
No especificado,629683,13,2026/01,3228
No especificado,629683,15,2025/01,3954
No especificado,629683,15,2025/02,5821
No especificado,629683,15,2025/03,5248
No especificado,629683,15,2025/04,30707
No especificado,629683,15,2026/01,21682
No especificado,629683,18,2025/01,472
No especificado,629683,18,2025/02,346
No especificado,629683,18,2025/03,8690
No especificado,629683,18,2025/04,4244
No especificado,629683,18,2026/01,4780
No especificado,629683,16,2025/01,224228
No especificado,629683,16,2025/02,230805
No especificado,629683,16,2025/03,154370
No especificado,629683,16,2025/04,180075
No especificado,629683,16,2026/01,182946
No especificado,629683,17,2025/01,22463
No especificado,629683,17,2025/02,16781
No especificado,629683,17,2025/03,36824
No especificado,629683,17,2025/04,17885
No especificado,629683,17,2026/01,24415
No especificado,629683,22,2025/01,10374
No especificado,629683,22,2025/02,11237
No especificado,629683,22,2025/03,10394
No especificado,629683,22,2025/04,12228
No especificado,629683,22,2026/01,16140
No especificado,629683,19,2025/01,4214
No especificado,629683,19,2025/02,4355
No especificado,629683,19,2025/03,4998
No especificado,629683,19,2025/04,4239
No especificado,629683,19,2026/01,4230
No especificado,629683,21,2025/01,25
No especificado,629683,21,2025/02,96
No especificado,629683,21,2025/03,44
No especificado,629683,21,2025/04,115
No especificado,629683,21,2026/01,147
No especificado,629683,20,2025/01,230190
No especificado,629683,20,2025/02,299500
No especificado,629683,20,2025/03,230804
No especificado,629683,20,2025/04,294717
No especificado,629683,20,2026/01,229907
No especificado,629683,23,2025/01,341
No especificado,629683,23,2025/02,7368
No especificado,629683,23,2025/03,5745
No especificado,629683,23,2025/04,732
No especificado,629683,23,2026/01,11930
No especificado,629683,24,2025/01,7052
No especificado,629683,24,2025/02,5202
No especificado,629683,24,2025/03,7333
No especificado,629683,24,2025/04,6891
No especificado,629683,24,2026/01,3892
No especificado,629683,25,2025/01,2865
No especificado,629683,25,2025/02,3782
No especificado,629683,25,2025/03,2202
No especificado,629683,25,2025/04,15708
No especificado,629683,25,2026/01,2540
No especificado,629683,26,2025/01,2245
No especificado,629683,26,2025/02,2155
No especificado,629683,26,2025/03,2025
No especificado,629683,26,2025/04,2350
No especificado,629683,26,2026/01,4223
No especificado,629683,27,2025/01,2040
No especificado,629683,27,2025/02,2411
No especificado,629683,27,2025/03,1881
No especificado,629683,27,2025/04,1878
No especificado,629683,27,2026/01,2116
No especificado,629683,31,2025/01,27057
No especificado,629683,31,2025/02,54605
No especificado,629683,31,2025/03,38806
No especificado,629683,31,2025/04,55144
No especificado,629683,31,2026/01,43365
No especificado,629683,29,2025/01,33721
No especificado,629683,29,2025/02,31370
No especificado,629683,29,2025/03,36016
No especificado,629683,29,2025/04,36045
No especificado,629683,29,2026/01,31223
No especificado,629683,32,2025/01,47687
No especificado,629683,32,2025/02,57139
No especificado,629683,32,2025/03,60212
No especificado,629683,32,2025/04,54602
No especificado,629683,32,2026/01,49651
No especificado,629683,30,2025/01,193026
No especificado,629683,30,2025/02,192792
No especificado,629683,30,2025/03,183203
No especificado,629683,30,2025/04,185682
No especificado,629683,30,2026/01,181283
No especificado,629683,28,2025/01,98167
No especificado,629683,28,2025/02,1325
No especificado,629683,28,2025/03,90659
No especificado,629683,28,2025/04,125295
No especificado,629683,28,2026/01,105436
